1001	2	1084	2
1001	5	1085	1
1001	7	1084	3
1001	9	1086	-1
1001	11	1087	-1
1001	13	1088	-1
1001	16	1089	-1
1001	19	1084	3
1001	21	1090	2
1001	24	1090	-1
1001	27	1092	-1
1001	28	1091	-1
1001	33	1084	2
1001	35	1084	5
1001	39	39	4
1001	41	1091	4
1001	43	1093	-1
1001	46	1091	4
1001	49	1091	4
1001	51	1091	-1
1001	53	1084	5
1001	55	1091	4
1001	57	57	-1
1001	60	60	-1
1001	63	1084	5
1001	64	1084	6
1001	67	1093	-1
1001	71	1091	7
1001	73	1091	7
1001	76	1094	-1
1001	83	1084	9
1001	85	1091	7
1001	89	1092	-1
1001	90	1096	-1
1001	93	1091	7
1001	96	1097	10
1001	98	1097	-1
1001	100	1094	8
1001	104	1097	10
1001	108	1099	-1
1001	110	1100	-1
1001	112	1092	-1
1001	113	1096	-1
1001	116	1091	4
1001	120	120	4
1001	126	1102	-1
1001	129	1084	2
1001	131	1091	7
1001	134	134	15
1001	136	1084	2
1001	141	1084	15
1001	145	1103	17
1001	146	1084	15
1001	148	1104	-1
1001	149	1084	15
1001	154	1106	-1
1001	157	1085	-1
1001	159	1085	1
1001	162	1084	18
1001	166	1091	7
1001	168	168	-1
1001	169	1091	7
1001	172	1092	-1
1001	178	1106	-1
1001	180	1085	1
1001	184	1106	20
1001	189	189	-1
1001	1477	1106	19
1001	194	1107	10
1001	195	1092	5
1001	198	1108	-1
1001	203	1106	20
1001	206	1085	-1
1001	209	1084	-1
1001	210	1091	-1
1001	1471	1091	7
1001	214	1108	-1
1001	215	1106	19
1001	219	1109	-1
1001	221	1110	22
1001	223	1111	23
1001	227	1106	5
1001	232	1092	-1
1001	234	1108	-1
1001	240	1106	24
1001	241	1106	5
1001	247	1112	-1
1001	249	1111	23
1001	251	1106	5
1001	253	1110	22
1001	1479	1110	21
1001	1480	1110	21
1001	256	256	-1
1001	260	1092	-1
1001	261	1096	-1
1001	263	1106	13
1001	264	1106	13
1001	270	1084	2
1001	275	1113	-1
1001	278	1113	25
1001	281	1106	13
1001	286	1114	-1
1001	289	1106	13
1001	291	291	-1
1001	1482	1113	26
1001	293	1113	26
1001	297	1106	19
1001	299	1106	13
1001	301	1114	-1
1001	306	1084	2
1001	308	1106	19
1001	313	1115	-1
1001	316	1106	13
1001	318	1114	26
1001	1475	1106	13
1001	320	1106	13
1001	324	1116	-1
1001	326	1116	-1
1001	329	1116	2
1001	331	1117	-1
1001	333	1116	2
1001	335	1106	13
1001	338	1084	2
1001	341	1106	13
1001	346	1084	13
1001	347	1118	-1
1001	349	1106	19
1001	352	1084	9
1001	355	1084	-1
1001	357	1084	13
1001	359	1106	13
1001	364	1121	-1
1001	366	1084	2
1001	371	1084	13
1001	374	1122	-1
1001	380	1119	-1
1001	383	1106	19
1001	385	1084	13
1001	388	1123	17
1001	389	1123	-1
1001	392	392	-1
1001	393	1106	13
1001	395	1084	13
1001	398	1106	13
1001	406	1131	13
1001	409	1132	14
1001	411	1084	2
1001	413	1131	11
1001	415	1084	2
1001	420	1130	-1
1001	422	1085	1
1001	424	1084	13
1001	426	1130	-1
1001	428	1085	1
1001	430	1133	16
1001	1473	1132	11
1001	433	1084	2
1001	437	1135	-1
1001	439	1133	16
1001	441	1106	19
1001	444	1084	13
1001	446	1084	13
1001	448	1133	16
1001	450	1106	19
1001	454	1140	-1
1001	458	1141	-1
1001	461	1109	-1
1002	2	2456	-1
1002	5	2457	-1
1002	10	2460	3
1002	11	2461	-1
1002	17	2460	3
1002	26	2460	3
1002	29	2461	6
1002	31	2467	-1
1002	33	2468	-1
1002	36	2469	-1
1002	40	2470	-1
1002	42	2471	7
1002	45	2461	8
1002	47	2461	8
1002	49	2472	9
1002	51	2460	10
1002	55	2461	-1
1002	57	2460	10
1002	64	2473	-1
1002	67	2461	11
1002	70	2460	10
1002	73	2461	11
1002	78	2456	-1
1002	79	2457	-1
1002	82	2460	10
1002	84	2461	12
1002	87	2460	10
1002	90	2474	-1
1002	92	2471	7
1002	96	2475	-1
1002	99	2476	-1
1002	101	2460	10
1002	106	2471	13
1002	109	2461	6
1002	112	2471	13
1002	114	2460	10
1002	117	2480	15
1002	119	2480	15
1002	122	2460	10
1002	124	2460	10
1002	127	2484	16
1002	129	2460	10
1002	133	2487	-1
1002	135	2488	-1
1002	138	2489	-1
1002	140	2490	-1
1002	142	2460	10
1002	146	2494	-1
1002	151	2495	-1
1002	154	2494	-1
1002	155	2494	-1
1002	159	2494	19
1002	162	2496	-1
1002	168	2497	-1
1002	169	2498	-1
1002	170	2498	-1
1002	172	2461	12
1002	176	2499	-1
1002	180	2500	-1
1002	182	2460	5
1002	186	2461	2
1002	190	2461	2
1002	193	2461	2
1002	195	2461	2
1002	197	197	-1
1002	200	2487	-1
1002	202	2488	-1
1002	205	2489	-1
1002	207	2490	-1
1002	210	210	-1
1002	213	2501	-1
1002	216	2460	5
1002	218	2490	17
1002	221	2487	17
1002	225	2489	-1
1002	227	2471	7
1002	229	229	-1
1002	231	2484	16
1002	233	2460	5
1002	235	2485	16
1002	238	2484	16
1002	241	2460	5
1002	243	2504	-1
1002	245	2471	7
1002	247	2460	5
1002	252	2461	6
1002	254	2471	7
1002	257	257	5
1002	260	2460	5
1002	264	2471	14
1002	265	2471	14
1002	272	2472	9
1002	275	2508	-1
1002	276	2471	14
1002	279	2461	6
1002	281	2509	-1
1002	283	283	-1
1002	286	2480	-1
1002	288	2510	-1
1002	290	2460	10
1002	293	2481	-1
1002	295	2511	-1
1002	298	2480	15
1002	300	2471	7
1002	311	2460	10
1002	313	2466	-1
1002	315	2512	1
1002	317	2512	1
1002	320	2460	10
1002	324	2460	10
1002	327	2457	-1
1002	328	2456	-1
1003	3	3139	-1
1003	5	3140	-1
1003	7	3141	-1
1003	9	3141	-1
1003	14	3142	-1
1003	18	3143	-1
1003	21	3144	-1
1003	23	3145	-1
1003	25	3141	-1
1003	29	3142	-1
1003	31	3146	-1
1003	34	3147	-1
1003	36	3148	4
1003	39	3161	4
1003	41	3162	5
1003	44	3163	-1
1003	46	3161	-1
1003	48	3161	4
1003	51	3150	7
1003	53	3148	4
1003	56	3164	4
1003	62	3153	-1
1003	64	3166	6
1003	66	3164	4
1003	69	3150	7
1003	71	3148	4
1003	73	3158	-1
1003	75	3141	5
1003	81	3148	4
1003	84	3150	7
1003	90	3170	-1
1003	97	3171	-1
1003	99	3172	-1
1003	102	3148	4
1003	104	3141	-1
1003	105	3173	-1
1003	107	3141	-1
1003	110	3174	-1
1003	112	3148	4
1003	115	3141	-1
1003	119	119	-1
1003	120	3148	4
1003	122	3141	-1
1003	124	3174	-1
1003	126	3148	4
1003	129	3178	-1
1003	132	3141	-1
1003	138	3150	7
1003	141	3150	-1
1003	142	3180	-1
1003	145	3141	-1
1003	150	3181	-1
1003	152	3141	-1
1003	154	3141	-1
1003	157	3178	-1
1003	159	3182	8
1003	162	3141	-1
1003	165	3185	9
1003	167	3185	9
1003	169	3185	9
1003	171	3150	7
1003	173	3185	-1
1003	175	3189	-1
1003	1370	3185	9
1003	184	3167	-1
1003	187	3193	11
1003	188	3167	11
1003	191	3198	12
1003	195	3141	-1
1003	201	3141	-1
1003	206	3202	-1
1003	208	3198	-1
1003	210	3148	4
1003	213	3203	13
1003	216	3141	-1
1003	218	3148	4
1003	221	3141	-1
1003	223	3204	13
1003	225	3148	-1
1003	229	3205	14
1003	231	3205	14
1003	235	3205	-1
1003	240	3206	15
1003	241	3206	15
1003	243	3207	15
1003	247	3148	4
1003	251	3206	15
1003	253	253	-1
1003	254	3208	-1
1003	256	3148	-1
1003	259	3209	-1
1003	262	3209	-1
1003	264	3210	-1
1003	268	3211	1
1003	269	3211	-1
1003	271	3211	1
1003	274	3211	16
1003	278	3212	-1
1003	280	3212	-1
1003	282	3212	-1
1003	286	3213	-1
1003	289	3214	3
1003	291	3214	-1
1003	293	3214	3
1003	296	3215	-1
1003	298	3148	4
1003	300	3214	2
1003	302	3221	-1
1003	305	3148	4
1003	307	3212	2
1003	309	3222	-1
1003	311	3148	2
1003	315	3211	1
1003	317	3211	-1
1003	319	3211	1
1003	321	3223	-1
1003	323	3211	2
1003	325	3224	-1
1003	327	3198	12
1003	330	3148	4
1003	338	3225	-1
1003	340	3226	-1
1003	345	345	-1
1003	348	3141	-1
1003	350	3227	-1
1003	352	3206	15
1003	355	3206	-1
1003	358	3141	-1
1003	360	3141	-1
1003	362	3182	8
1004	3	4547	-1
1004	5	3343	-1
1004	6	6	-1
1004	9	3344	-1
1004	13	3345	2
1004	1310	3345	-1
1004	16	3344	3
1004	18	3345	2
1004	19	3347	-1
1004	21	3345	2
1004	24	3348	-1
1004	27	3349	4
1004	30	3350	-1
1004	33	3349	4
1004	36	3351	-1
1004	38	3351	-1
1004	40	3352	-1
1004	47	3354	-1
1004	50	3354	7
1004	51	3355	7
1004	52	3356	7
1004	55	3349	8
1004	59	3361	-1
1004	61	3352	-1
1004	63	3349	8
1004	65	3362	-1
1004	67	3354	6
1004	70	3363	-1
1004	72	3355	7
1004	74	3364	-1
1004	76	3356	7
1004	78	3365	-1
1004	80	3366	-1
1004	82	3349	11
1004	85	3370	-1
1004	88	3349	12
1004	91	3371	-1
1004	94	3372	-1
1004	97	3373	-1
1004	99	3372	-1
1004	104	3374	-1
1004	106	3349	11
1004	110	3378	-1
1004	112	3377	1
1004	115	3375	-1
1004	117	3379	-1
1004	120	3380	13
1004	121	3381	-1
1004	123	3377	1
1004	125	3383	-1
1004	130	3386	-1
1004	136	3374	15
1004	137	3387	16
1004	140	3388	-1
1004	143	3349	8
1004	145	3387	15
1004	148	3349	8
1004	152	3387	16
1004	156	3349	8
1004	157	3382	17
1004	159	3349	11
1004	161	3392	18
1004	164	3398	-1
1004	165	3400	-1
1004	168	3391	21
1004	172	3408	22
1004	174	3393	-1
1004	175	3395	20
1004	1311	3393	-1
1004	177	3349	-1
1004	181	3349	12
1004	184	3409	-1
1004	186	3391	21
1004	188	3375	-1
1004	1312	3409	-1
1004	1321	3349	11
1004	191	3410	-1
1004	192	3349	8
1004	194	3392	18
1004	197	3398	-1
1004	198	3400	-1
1004	200	3394	-1
1004	204	204	-1
1004	206	206	-1
1004	1325	1325	20
1004	209	3394	21
1004	213	3408	22
1004	215	3395	20
1004	217	3397	-1
1004	219	3349	8
1004	223	3349	12
1004	226	3394	21
1004	228	3411	-1
1004	1326	3411	20
1004	232	3413	-1
1004	233	3349	11
1004	237	3349	-1
1004	240	3374	15
1004	242	3414	-1
1004	246	246	-1
1004	247	3382	17
1004	250	3374	15
1004	252	3349	11
1004	256	3374	15
1004	259	3349	-1
1004	261	3392	18
1004	268	3422	-1
1004	269	3422	-1
1004	270	3349	11
1004	273	3396	-1
1004	275	3423	-1
1004	277	3415	5
1004	279	3416	-1
1004	282	3415	5
1004	283	3349	11
1004	285	3417	-1
1004	287	3417	-1
1004	289	3417	-1
1004	291	3417	-1
1004	1318	3420	9
1004	293	3349	11
1004	296	3420	9
1004	298	3420	9
1004	300	3420	9
1004	303	3374	15
1004	305	3425	-1
1004	309	309	-1
1005	2	4311	-1
1005	9	4313	1
1005	10	4314	-1
1005	13	13	-1
1005	16	4315	-1
1005	18	18	-1
1005	20	4316	-1
1005	23	4317	3
1005	24	4318	3
1005	26	4311	-1
1005	29	4324	-1
1005	31	4311	-1
1005	34	4330	-1
1005	37	4331	-1
1005	39	4331	-1
1005	42	4332	-1
1005	50	4311	-1
1005	53	4334	-1
1005	56	4335	-1
1005	57	4336	-1
1005	60	4324	5
1005	63	4334	7
1005	65	4311	-1
1005	68	4333	-1
1005	70	4311	-1
1005	75	75	-1
1005	76	4345	8
1005	80	4311	-1
1005	83	4345	8
1005	84	4311	-1
1005	86	4346	-1
1005	88	4346	-1
1005	90	4345	8
1005	92	4334	7
1005	95	4324	5
1005	97	4334	7
1005	101	4349	-1
1005	103	4348	9
1005	105	4348	-1
1005	108	4351	-1
1005	110	4353	10
1005	112	4348	11
1005	116	4354	-1
1005	118	4334	7
1005	121	4355	-1
1005	123	4334	11
1005	126	4334	11
1005	128	4348	-1
1005	131	4339	-1
1005	133	4324	5
1005	136	4334	-1
1005	138	4336	12
1005	141	4311	-1
1005	144	4334	7
1005	148	4361	-1
1005	150	4361	4
1005	152	4364	-1
1005	154	4361	-1
1005	157	4334	-1
1005	159	4361	4
1005	162	4334	-1
1005	167	4311	-1
1005	172	4366	-1
1005	173	4367	-1
1005	177	4368	-1
1005	179	4334	-1
1005	183	4373	-1
1005	185	4372	-1
1005	187	4370	-1
1005	190	4311	-1
1005	192	4374	10
1005	196	196	-1
1005	200	4311	-1
1005	203	4334	-1
1005	205	4376	-1
1005	207	4311	-1
1005	209	4334	7
1005	212	4382	10
1005	214	4382	10
1005	216	4385	-1
1005	219	4311	-1
1005	222	4334	13
1005	224	4382	10
1005	226	4382	10
1005	230	4382	14
1005	233	4382	-1
1005	235	4387	15
1005	240	4382	10
1005	245	4388	-1
1005	248	4311	-1
1005	250	4382	10
1005	252	4382	10
1005	254	4311	-1
1005	257	4382	10
1005	260	4389	-1
1005	263	4390	-1
1005	266	4382	10
1005	268	4391	-1
1005	273	4387	15
1005	275	4334	13
1005	278	4382	10
1005	281	4339	2
1005	284	4339	2
1005	287	4334	-1
1005	290	4311	-1
1005	293	4382	10
1005	296	296	-1
1005	298	4339	2
1005	302	4337	-1
1005	307	4395	-1
1005	308	4324	-1
1005	310	4311	2
1005	313	4334	7
1005	316	4395	-1
1005	319	4334	2
1005	321	4395	-1
1005	323	4346	12
1005	325	325	-1
1005	327	4398	-1
1005	334	4334	7
1005	338	4397	6
1005	342	4397	-1
1005	344	4334	-1
1005	347	4395	6
1005	350	4334	-1
1005	353	4346	6
1005	356	4399	-1
1005	358	4399	-1
1005	359	4311	1
1005	363	4400	-1
1006	2	4172	-1
1006	3	3	-1
1006	6	4174	2
1006	9	4176	-1
1006	10	4175	3
1006	14	4177	-1
1006	16	4178	-1
1006	18	4179	-1
1006	21	4181	6
1006	24	4181	7
1006	26	4175	3
1006	28	4181	2
1006	32	4182	8
1006	33	4182	8
1006	34	4182	8
1006	35	4175	3
1006	38	4183	-1
1006	40	4181	2
1006	43	4183	10
1006	45	4183	-1
1006	48	4184	13
1006	49	4183	7
1006	51	4184	13
1006	53	4175	15
1006	56	4183	10
1006	57	4183	17
1006	1493	4183	17
1006	61	4185	-1
1006	65	4183	17
1006	66	4183	17
1006	73	4175	15
1006	77	4186	-1
1006	79	4172	-1
1006	85	4181	7
1006	89	4188	-1
1006	96	4172	-1
1006	99	4174	2
1006	102	4175	3
1006	104	4174	2
1006	107	4189	-1
1006	110	4175	3
1006	112	4175	3
1006	114	4174	2
1006	118	4190	2
1006	121	4175	3
1006	126	4181	6
1006	128	4183	20
1006	130	4181	20
1006	133	4183	10
1006	138	4184	13
1006	139	139	7
1006	141	4184	-1
1006	1491	4184	13
1006	144	4183	17
1006	147	4194	-1
1006	150	4191	-1
1006	152	4195	-1
1006	155	155	-1
1006	157	4195	-1
1006	163	4183	17
1006	1495	4183	17
1006	165	4183	17
1006	171	4195	24
1006	172	172	-1
1006	174	4195	24
1006	179	4174	2
1006	182	4183	2
1006	186	4196	-1
1006	187	4198	25
1006	189	189	25
1006	195	4201	26
1006	196	4206	-1
1006	198	4207	-1
1006	201	201	-1
1006	203	4183	17
1006	206	4202	27
1006	208	4200	28
1006	210	4202	27
1006	212	4208	29
1006	214	4201	26
1006	1496	4183	17
1006	217	4204	30
1006	220	220	-1
1006	222	4201	-1
1006	224	4204	30
1006	226	4200	28
1006	230	4183	31
1006	233	4204	30
1006	237	4204	30
1006	240	4210	-1
1006	241	4174	2
1006	249	249	-1
1006	252	252	-1
1006	256	256	-1
1006	260	4204	30
1006	261	4205	-1
1006	263	4174	2
1006	267	4183	31
1006	269	4183	2
1006	271	4208	29
1006	277	4183	2
1006	279	4199	-1
1006	282	4174	2
1006	285	4214	-1
1006	287	4215	1
1006	288	4174	2
1006	291	4183	17
1006	293	4216	4
1006	296	4183	2
1006	300	4217	-1
1006	302	4218	-1
1006	304	4183	17
1006	308	4216	4
1006	311	4220	-1
1006	317	4217	-1
1006	319	4218	-1
1006	1497	4183	17
1006	322	4230	9
1006	327	4231	-1
1006	330	4232	-1
1006	333	4233	-1
1006	336	4221	11
1006	339	4230	11
1006	341	4234	9
1006	344	344	-1
1006	346	4221	11
1006	348	4235	-1
1006	351	4221	11
1006	353	4238	14
1006	357	4238	14
1006	359	4238	14
1006	363	4239	16
1006	366	4239	-1
1006	368	4242	-1
1006	370	4183	17
1006	373	4238	14
1006	375	4243	-1
1006	378	4238	14
1006	380	4221	17
1006	383	4238	14
1006	386	4216	-1
1006	389	4221	11
1006	392	4249	19
1006	395	4251	-1
1006	397	4249	19
1006	399	4216	4
1006	401	4221	11
1006	403	4249	19
1006	404	4252	-1
1006	408	4221	11
1006	410	4253	-1
1006	412	4254	-1
1006	415	4183	11
1006	418	4249	19
1006	424	4216	4
1006	426	4183	11
1006	431	4249	19
1006	434	4183	11
1006	437	4221	11
1006	442	4262	21
1006	444	4183	17
1006	447	4266	-1
1006	449	4261	23
1006	451	4261	22
1006	453	4267	-1
1006	455	4221	11
1006	460	4262	-1
1006	462	4262	21
1006	464	4261	23
1006	1501	4266	22
1006	466	4221	11
1006	470	470	-1
1006	473	4269	1
1006	476	4270	-1
1006	481	4261	-1
1007	1	5965	-1
1007	3	5966	-1
1007	8	5967	-1
1007	10	5965	-1
1007	15	5968	-1
1007	18	5965	-1
1007	21	21	1
1007	24	5965	-1
1007	26	5969	-1
1007	28	5965	-1
1007	34	5970	3
1007	37	37	-1
1007	39	5968	-1
1007	40	5971	-1
1007	42	5973	-1
1007	45	45	-1
1007	48	48	-1
1007	50	5965	-1
1007	52	5965	-1
1007	54	5974	-1
1007	56	5965	-1
1007	59	5975	-1
1007	61	5965	-1
1007	65	5975	-1
1007	68	5976	-1
1007	70	5977	-1
1007	72	5976	-1
1007	74	5975	-1
1007	1576	5976	5
1007	77	5970	3
1007	78	5965	-1
1007	80	5978	6
1007	83	5979	7
1007	84	5965	3
1007	86	5980	-1
1007	90	5981	-1
1007	92	5965	-1
1007	97	5975	8
1007	101	101	1
1007	103	5982	-1
1007	106	5982	-1
1007	108	5982	11
1007	111	5965	11
1007	114	5984	-1
1007	116	5985	-1
1007	1579	5982	9
1007	118	5965	-1
1007	121	5984	12
1007	127	5965	-1
1007	131	5992	-1
1007	133	5965	-1
1007	138	5978	6
1007	141	5982	10
1007	144	5978	10
1007	149	5978	10
1007	151	5993	-1
1007	153	153	4
1007	156	5994	-1
1007	1580	5982	9
1007	158	5982	-1
1007	162	5978	10
1007	164	5995	-1
1007	166	5965	-1
1007	168	5970	-1
1007	170	5975	8
1007	173	5965	-1
1007	178	6001	-1
1007	1575	5970	3
1007	181	5965	-1
1007	184	6009	-1
1007	186	5965	-1
1007	192	5982	-1
1007	197	5978	6
1007	200	5965	-1
1007	203	5982	-1
1007	205	5998	-1
1007	207	5965	-1
1007	212	5997	-1
1007	1577	5998	5
1007	1582	5998	13
1007	215	5982	14
1007	217	5965	14
1007	219	219	-1
1007	221	6011	-1
1007	223	6000	-1
1007	225	6012	-1
1007	227	5965	14
1007	229	5997	-1
1007	231	231	-1
1007	235	5965	-1
1007	239	6000	15
1007	243	6017	16
1007	245	6018	16
1007	248	6019	-1
1007	251	6018	-1
1007	253	253	-1
1007	257	5965	-1
1007	261	5967	-1
1007	262	262	15
1007	265	5965	-1
1007	268	5965	-1
1007	272	5982	10
1007	274	5998	-1
1007	277	277	-1
1007	278	278	15
1007	281	6020	15
1007	1578	6020	5
1007	1583	5998	13
1007	284	5967	-1
1007	286	5965	-1
1007	289	5965	-1
1007	291	6021	-1
1007	293	5965	-1
1007	295	5965	-1
1007	297	6023	-1
1007	300	5965	-1
1007	302	5965	-1
1007	305	6025	-1
1007	308	5982	10
1007	310	5965	17
1007	313	6041	-1
1007	315	6032	-1
1007	318	6042	-1
1007	321	6043	-1
1007	322	5965	17
1007	325	6044	-1
1007	327	6045	18
1007	329	6045	18
1007	331	6053	-1
1007	333	6054	-1
1007	336	5965	17
1007	338	5965	17
1007	344	6033	-1
1007	348	6034	-1
1007	350	5965	17
1007	353	6056	-1
1007	361	6056	-1
1007	364	6037	-1
1007	366	5965	17
1007	371	5965	17
1007	374	6057	-1
1007	377	6058	19
1007	379	379	20
1007	382	6060	21
1007	383	6060	21
1007	385	385	20
1007	387	6038	22
1007	388	6038	19
1007	390	6038	22
1007	393	5965	-1
1007	395	5965	-1
1007	399	6074	-1
1007	402	5965	-1
1007	403	6075	-1
1007	406	6039	-1
1007	409	6076	-1
1007	410	5965	-1
1007	413	6073	-1
1007	419	6075	6
1007	422	6078	-1
1007	423	5982	10
1007	426	6079	-1
1007	429	5965	-1
1007	431	5965	-1
1007	433	5982	-1
1007	435	6081	-1
1007	437	6082	25
1007	439	5982	14
1007	442	6081	24
1007	444	444	-1
1007	446	6083	-1
1007	449	6084	-1
1007	452	5982	14
1007	454	5982	14
1007	456	6088	-1
1007	462	6089	-1
1007	465	6090	7
1007	467	6091	-1
1007	469	5982	10
1007	471	6094	-1
1007	473	6095	-1
1007	476	6104	26
1007	477	5982	10
1007	481	5982	14
1007	486	5985	-1
1007	489	6099	-1
1007	490	5965	-1
1007	492	5985	27
1007	494	5965	14
1007	497	6101	-1
1007	501	5982	14
1007	503	6110	26
1007	505	5965	14
1007	510	5982	14
1007	512	5982	14
1007	514	5982	14
1007	518	5982	14
1007	521	521	-1
1007	522	5982	14
1007	525	5965	-1
1007	528	6039	23
1007	534	6117	-1
1007	535	6119	-1
1007	538	6120	-1
1007	540	6038	22
1007	542	5965	22
1007	546	6037	-1
1007	549	5965	2
1007	553	6122	-1
1007	555	5965	22
1007	558	6128	-1
1007	560	6039	-1
1008	1	1	-1
1008	5	4634	-1
1008	11	11	-1
1008	18	4636	-1
1008	24	4637	-1
1008	27	4638	3
1008	35	4639	-1
1008	38	4640	-1
1008	40	4641	-1
1008	45	4638	3
1008	48	4642	-1
1008	49	4634	6
1008	52	4638	3
1008	58	4643	-1
1008	60	4644	-1
1008	62	4640	5
1008	67	4645	-1
1008	70	4634	1
1008	75	4634	1
1008	77	4646	7
1008	85	4638	3
1008	87	87	-1
1008	89	4646	7
1008	94	4647	-1
1008	95	4634	1
1008	99	4648	-1
1008	101	4648	-1
1008	103	4649	-1
1008	106	4649	-1
1008	115	4651	-1
1008	117	4654	-1
1008	122	4654	14
1008	123	123	14
1008	124	4656	-1
1008	142	4657	16
1008	149	4657	16
1008	154	4658	-1
1008	165	4664	18
1008	168	168	11
1008	169	4664	-1
1008	171	4665	-1
1008	175	4666	-1
1008	179	4667	19
1008	181	4668	-1
1008	183	4655	-1
1008	186	4661	-1
1008	189	4669	20
1008	192	4667	19
1008	195	4655	20
1008	197	4667	19
1008	202	4670	21
1008	205	4671	-1
1008	222	4685	-1
1008	223	4655	22
1008	226	4686	-1
1008	228	4665	5
1008	230	4655	22
1008	233	4686	11
1008	235	4687	23
1008	238	4665	-1
1008	240	4688	25
1008	243	4673	26
1008	247	4673	26
1008	249	4634	26
1008	252	4655	22
1008	254	4673	26
1008	256	4651	-1
1008	258	4655	22
1008	262	4673	27
1008	267	4664	18
1008	271	4690	-1
1008	272	4692	-1
1008	280	4673	27
1008	290	290	-1
1008	296	4697	-1
1008	298	4694	30
1008	1745	4694	29
1008	302	4697	-1
1008	305	4694	30
1008	309	4697	31
1008	310	310	-1
1008	312	4698	-1
1008	318	4698	31
1008	321	4699	19
1008	325	4699	31
1008	329	4655	-1
1008	332	4699	-1
1008	335	4700	33
1008	336	4699	33
1008	341	4701	21
1008	1733	4655	22
1008	347	4695	-1
1008	349	4655	22
1008	356	4695	5
1008	359	4703	-1
1008	363	4704	-1
1008	365	4704	-1
1008	367	4704	32
1008	369	4705	23
1008	372	4695	-1
1008	374	4688	25
1008	379	4697	18
1008	386	4706	35
1008	387	4707	35
1008	388	4708	34
1008	391	4709	-1
1008	395	4634	-1
1008	398	4710	-1
1008	1746	4694	29
1008	1747	4708	34
1008	404	4694	36
1008	408	4694	36
1008	413	4711	-1
1008	414	4713	-1
1008	420	4715	-1
1008	422	4716	-1
1008	435	4721	38
1008	440	4722	-1
1008	442	4721	38
1008	443	443	-1
1008	445	4723	-1
1008	448	4724	-1
1008	451	4723	-1
1008	456	4725	-1
1008	462	4655	22
1008	464	4725	-1
1008	466	4726	-1
1008	471	4688	25
1008	473	4727	-1
1008	1749	4725	39
1008	478	4729	42
1008	482	4725	40
1008	485	485	-1
1008	486	4725	41
1008	489	4655	-1
1008	495	4732	-1
1008	500	4731	-1
1008	502	4729	42
1008	506	4733	35
1008	509	4715	27
1008	515	4715	27
1008	518	4734	-1
1008	536	4715	27
1008	538	4715	27
1008	543	4735	-1
1008	544	4737	-1
1008	554	4731	18
1008	558	4716	-1
1008	561	4738	-1
1008	566	4634	36
1008	570	4731	-1
1008	571	4655	-1
1008	578	4716	5
1008	581	4716	5
1008	585	4739	-1
1008	588	4655	22
1008	589	4655	22
1008	595	4716	22
1008	598	598	-1
1008	600	4740	-1
1008	602	4740	41
1008	604	4721	38
1008	1728	1728	4
1008	610	4731	18
1008	613	4741	-1
1008	616	4742	-1
1008	620	4743	-1
1008	629	4746	-1
1008	632	4655	22
1008	634	4655	22
1008	636	4749	9
1008	638	4654	12
1008	640	4750	10
1008	642	4656	-1
1008	644	4751	-1
1008	647	4655	22
1008	652	4749	9
1008	654	4655	22
1008	656	4749	9
1008	658	4748	-1
1008	661	4752	-1
1008	1729	1729	4
1008	664	4655	22
1008	667	4655	22
1008	669	4748	13
1008	672	4749	9
1008	677	677	-1
1008	679	4747	-1
1008	680	4656	-1
1008	686	4751	15
1008	687	4751	-1
1008	691	691	17
1008	694	4754	-1
1008	1731	4750	10
1008	696	4655	22
1008	699	4747	-1
1008	702	4749	9
1008	704	704	17
1008	705	4756	-1
1008	708	4655	22
1008	714	4748	-1
1008	716	4655	22
1009	1	5081	1
1009	5	5085	3
1009	7	5078	2
1009	9	5086	-1
1009	10	5078	2
1009	13	5078	2
1009	16	5087	7
1009	18	5078	5
1009	21	5082	-1
1009	24	5087	-1
1009	27	5090	8
1009	29	5081	9
1009	32	5084	10
1009	34	5078	11
1009	36	5091	-1
1009	37	5093	-1
1009	39	5085	3
1009	42	5078	11
1009	43	5086	14
1009	45	5078	11
1009	48	5082	15
1009	51	5087	7
1009	53	5078	5
1009	56	5082	-1
1009	58	5087	7
1009	61	5090	8
1009	63	5080	17
1009	66	5084	10
1009	68	5078	11
1009	70	5094	-1
1009	71	5096	-1
1009	73	5085	3
1009	76	5078	17
1009	77	5086	14
1009	79	5078	17
1009	82	5082	15
1009	85	5098	19
1009	90	5078	-1
1009	94	5078	5
1009	96	5098	19
1009	102	102	-1
1009	104	5078	11
1009	1461	1461	18
1009	106	5098	19
1009	110	5098	19
1009	113	5078	5
1009	116	5104	-1
1009	120	5104	-1
1009	122	5081	1
1009	125	5105	-1
1009	128	5104	-1
1009	130	5104	-1
1009	132	132	-1
1009	135	5078	5
1009	137	5098	19
1009	140	5084	10
1009	143	5078	11
1009	145	5078	11
1009	147	5107	-1
1009	148	5098	19
1009	151	5115	24
1009	152	5108	19
1009	155	5113	-1
1009	156	5078	5
1009	159	159	19
1009	161	5109	25
1009	164	5116	-1
1009	167	167	-1
1009	169	5109	24
1009	172	5107	26
1009	174	5117	27
1009	178	5118	-1
1009	180	5098	19
1009	184	5110	28
1009	188	5117	-1
1009	190	5107	26
1009	192	5119	-1
1009	194	5117	29
1009	196	5098	19
1009	198	5098	19
1009	203	5122	30
1009	205	5117	27
1009	208	5110	28
1009	215	5124	-1
1009	217	5098	19
1009	220	5109	25
1009	223	5109	-1
1009	225	5108	25
1009	231	5126	31
1009	233	5126	31
1009	239	5127	-1
1009	244	5128	-1
1009	246	5098	19
1009	249	5078	5
1009	253	5118	-1
1009	256	5078	5
1009	262	5118	32
1009	264	5098	19
1009	269	269	-1
1009	270	5098	19
1009	272	5134	-1
1009	1441	5134	-1
1009	275	5105	-1
1009	277	5136	6
1009	1442	5136	-1
1009	279	5098	19
1009	282	282	-1
1009	283	5118	-1
1009	1472	5118	32
1009	285	5098	19
1009	290	5137	-1
1009	293	5137	-1
1009	294	5118	32
1009	297	5078	5
1009	301	5118	12
1009	304	5138	-1
1009	309	5118	12
1009	313	5118	-1
1009	316	5098	19
1009	320	5139	-1
1009	322	5098	19
1009	326	5078	5
1009	330	5138	16
1009	333	5098	19
1009	336	5136	6
1009	338	338	-1
1009	342	5138	16
1009	344	5098	19
1009	347	5140	-1
1009	350	350	-1
1009	1443	5140	-1
1009	352	5105	4
1009	355	5141	-1
1009	357	5098	19
1009	1444	5141	-1
1009	359	5098	19
1009	365	5138	32
1009	367	5078	5
1009	372	5078	5
1009	1462	5143	18
1009	374	5078	5
1009	377	5156	-1
1009	378	5157	-1
1009	382	382	-1
1009	384	5078	5
1009	386	5078	5
1009	389	5148	-1
1009	391	5078	5
1009	393	5159	21
1009	396	5159	-1
1009	404	5161	-1
1009	406	406	-1
1009	407	5161	-1
1009	410	410	-1
1009	412	5162	-1
1009	418	5078	11
1009	1445	5081	1
1009	421	5080	22
1009	424	5159	21
1009	426	5080	22
1009	428	5078	5
1009	433	5078	11
1009	436	5166	-1
1009	439	439	23
1009	1456	5078	11
1010	2	2541	-1
1010	3	3	-1
1010	6	2542	-1
1010	15	2544	-1
1010	17	2544	2
1010	26	2548	-1
1010	28	28	5
1010	32	2542	6
1010	34	34	5
1010	37	2549	-1
1010	40	2542	6
1010	45	2550	8
1010	49	2551	-1
1010	51	2550	8
1010	56	2542	-1
1010	61	2550	8
1010	67	2567	2
1010	68	2550	2
1010	70	2572	-1
1010	1344	2567	2
1010	72	2550	2
1010	76	76	-1
1010	80	2578	-1
1010	82	2550	-1
1010	90	2579	-1
1010	93	2552	-1
1010	95	2584	11
1010	98	2585	-1
1010	100	2586	-1
1010	104	2567	13
1010	108	2587	-1
1010	109	2550	8
1010	114	2588	15
1010	116	2550	8
1010	123	2550	8
1010	130	2590	-1
1010	134	2550	8
1010	136	2588	-1
1010	142	142	17
1010	145	2591	18
1010	149	2592	-1
1010	151	2588	19
1010	154	2567	-1
1010	157	2593	-1
1010	161	2588	15
1010	164	2556	-1
1010	166	2556	-1
1010	170	2553	20
1010	171	2553	20
1010	175	2594	-1
1010	177	2595	-1
1010	179	2596	16
1010	183	2553	20
1010	185	2588	15
1010	190	190	-1
1010	191	191	-1
1010	195	2588	15
1010	203	2588	15
1010	207	2588	-1
1010	210	2591	18
1010	212	2558	21
1010	214	2597	-1
1010	217	2598	-1
1010	219	2599	-1
1010	221	2600	-1
1010	224	2562	-1
1010	227	2601	-1
1010	229	2588	22
1010	232	232	-1
1010	235	235	-1
1010	237	2591	18
1010	1345	2562	2
1010	240	2588	22
1010	243	2588	-1
1010	245	2600	-1
1010	247	2576	2
1010	249	2588	-1
1010	254	2602	-1
1010	256	2541	-1
1010	259	2603	-1
1010	261	2604	-1
1010	263	2550	14
1010	267	2607	-1
1010	268	2607	4
1010	272	2608	-1
1010	276	2550	-1
1010	278	2550	8
1010	290	2611	-1
1010	291	2613	-1
1010	293	2614	-1
1010	295	2615	-1
1010	297	2588	-1
1010	301	2550	8
1010	304	2588	15
1010	306	2588	15
1010	312	2553	-1
1010	316	2588	15
1010	319	319	12
1010	320	2553	20
1010	323	2553	-1
1010	325	2553	-1
1010	329	2588	15
1010	331	2550	8
1010	333	2616	-1
1011	4	4092	-1
1011	5	5	-1
1011	18	18	-1
1011	21	4096	-1
1011	25	4097	5
1011	28	4097	7
1011	30	4097	-1
1011	32	4097	-1
1011	33	4097	7
1011	37	4098	-1
1011	38	4097	7
1011	41	4099	10
1011	43	4100	-1
1011	45	4097	7
1011	48	4097	7
1011	52	4101	-1
1011	54	4099	10
1011	57	4097	7
1011	1813	4098	8
1011	1816	4101	9
1011	62	4102	-1
1011	65	4097	7
1011	66	4103	-1
1011	69	4105	-1
1011	70	4106	-1
1011	1818	1818	11
1011	72	72	11
1011	75	4107	-1
1011	80	4097	7
1011	83	4109	15
1011	84	4097	7
1011	88	4110	16
1011	91	4109	15
1011	94	4111	-1
1011	96	4097	7
1011	98	4112	-1
1011	100	4113	-1
1011	101	4097	7
1011	105	4110	16
1011	108	4114	-1
1011	111	4097	7
1011	114	4109	15
1011	116	4114	-1
1011	119	4115	-1
1011	124	4109	15
1011	125	4109	15
1011	127	4097	7
1011	129	4116	19
1011	131	4109	15
1011	134	4117	3
1011	138	4097	7
1011	141	4118	15
1011	142	4097	7
1011	146	4110	16
1011	148	4118	15
1011	150	4118	15
1011	156	4111	-1
1011	159	4119	-1
1011	160	4121	-1
1011	1786	4119	-1
1011	1787	4121	-1
1011	164	4122	-1
1011	165	4097	7
1011	168	4114	21
1011	173	4118	15
1011	174	4097	7
1011	176	4123	-1
1011	178	4124	-1
1011	180	4118	15
1011	183	4123	15
1011	185	4125	-1
1011	1788	4125	-1
1011	187	4097	7
1011	190	4112	-1
1011	192	4108	-1
1011	197	4097	7
1011	199	4126	23
1011	201	4126	-1
1011	203	4126	-1
1011	1792	4126	5
1011	207	4097	7
1011	210	4126	23
1011	211	4097	7
1011	215	4110	16
1011	217	4126	23
1011	219	4126	15
1011	222	4126	-1
1011	1817	4127	9
1011	225	4128	-1
1011	226	4097	7
1011	229	4114	21
1011	232	232	-1
1011	234	4126	15
1011	238	4126	15
1011	240	4126	-1
1011	241	4116	19
1011	244	4126	15
1011	248	4097	7
1011	252	4129	-1
1011	253	4097	7
1011	260	4107	14
1011	263	4097	7
1011	265	265	-1
1011	269	4097	7
1011	271	4130	-1
1011	273	4131	-1
1011	276	4130	29
1011	277	4107	14
1011	279	4130	-1
1011	283	4132	-1
1011	287	4097	7
1011	290	290	-1
1011	291	4097	7
1011	295	4130	29
1011	298	4137	30
1011	300	300	-1
1011	303	4138	-1
1011	305	4139	-1
1011	1789	4139	-1
1011	308	4140	-1
1011	309	4141	-1
1011	312	4142	-1
1011	315	4097	7
1011	319	4097	7
1011	322	4138	14
1011	325	4137	30
1011	328	328	-1
1011	331	4145	-1
1011	332	4145	-1
1011	334	4145	7
1011	335	4097	7
1011	337	337	-1
1011	340	4107	31
1011	344	4146	32
1011	1793	4107	5
1011	1814	4146	8
1011	346	4097	7
1011	353	4107	7
1011	356	4147	-1
1011	358	4146	-1
1011	360	4107	14
1011	363	4148	-1
1011	368	4107	7
1011	370	4149	33
1011	373	373	-1
1011	377	4097	7
1011	387	4153	32
1011	397	4154	-1
1011	399	4149	33
1011	403	4097	-1
1011	408	4107	14
1011	413	4146	32
1011	418	4130	29
1011	420	4146	28
1011	422	422	-1
1011	425	4156	-1
1011	427	4102	-1
1011	432	4107	14
1011	434	4097	7
1011	438	4157	-1
1011	441	4097	7
1011	447	4133	36
1011	449	4097	7
1011	454	4133	28
1011	462	4097	7
1011	466	4097	7
1011	470	4130	29
1011	476	4133	36
1011	477	4097	7
1011	480	4158	-1
1011	483	4107	-1
1011	484	4150	-1
1011	485	4160	-1
1011	1819	1819	11
1011	493	4097	7
1011	496	4097	7
1011	498	4097	-1
1011	504	4161	-1
1011	509	4097	7
1011	511	4097	7
1011	514	4162	-1
1011	519	4097	7
1011	522	4133	36
1011	528	4097	7
1011	534	4097	7
1011	536	4164	2
1011	549	4165	4
1011	552	4165	4
1011	553	4166	6
1011	557	4166	6
1011	559	4170	-1
1011	562	562	-1
1011	567	567	-1
1011	572	4171	-1
1011	575	4171	4
1011	578	4172	-1
1011	581	581	-1
1011	583	4171	-1
1011	585	4175	-1
1011	595	4176	-1
1011	597	597	-1
1011	602	4165	4
1011	604	4166	13
1011	606	4171	12
1011	607	4176	12
1011	610	610	-1
1011	613	4176	-1
1011	615	4107	14
1011	1820	4176	12
1011	620	4107	17
1011	622	4097	7
1011	626	4157	-1
1011	630	4107	-1
1011	635	4150	18
1011	638	4180	-1
1011	640	4181	-1
1011	642	4182	-1
1011	647	4097	7
1011	650	4097	7
1011	654	4183	-1
1011	656	4183	-1
1011	658	4184	-1
1011	1790	4183	-1
1011	661	4150	18
1011	663	4183	20
1011	668	4183	20
1011	670	4097	7
1011	675	4150	18
1011	679	4183	20
1011	683	4183	20
1011	685	4097	7
1011	686	4150	18
1011	689	4097	7
1011	691	4097	7
1011	696	4186	-1
1011	700	700	-1
1011	704	4097	7
1011	707	4164	2
1011	709	4097	7
1011	712	4187	-1
1011	714	714	30
1011	718	4189	-1
1011	719	4191	-1
1011	1815	4187	8
1011	721	4187	18
1011	725	4187	22
1011	727	4193	24
1011	730	4194	25
1011	731	731	25
1011	733	4150	18
1011	736	4192	26
1011	739	4195	-1
1011	740	4193	24
1011	744	744	-1
1011	748	4192	26
1011	754	4196	-1
1011	758	4198	18
1011	759	4193	24
1011	762	4150	18
1011	764	4197	-1
1011	766	4198	10
1011	768	4199	-1
1011	770	4193	24
1011	773	4112	-1
1011	775	4112	-1
1011	778	4193	24
1011	780	4193	24
1011	782	782	-1
1011	783	4200	-1
1011	784	4202	-1
1012	2	4367	-1
1012	3	3	-1
1012	6	4368	-1
1012	9	4369	1
1012	11	4369	-1
1012	17	4372	-1
1012	20	4373	-1
1012	21	4374	2
1012	24	4368	-1
1012	27	4374	2
1012	30	4375	4
1012	33	33	-1
1012	36	4374	2
1012	37	4374	2
1012	40	4377	-1
1012	42	4374	2
1012	44	4378	7
1012	47	4372	-1
1012	49	4383	-1
1012	51	4375	4
1012	53	4382	-1
1012	54	4386	-1
1012	56	4378	7
1012	60	4369	1
1012	62	4369	1
1012	64	4390	-1
1012	67	4369	1
1012	70	4390	-1
1012	73	4393	-1
1012	75	4392	-1
1012	77	4390	1
1012	81	4390	1
1012	84	4394	-1
1012	87	4395	-1
1012	89	4395	-1
1012	92	4392	-1
1012	95	95	-1
1012	98	4398	-1
1012	101	4398	-1
1012	103	4399	-1
1012	104	4374	2
1012	107	4398	10
1012	109	4398	10
1012	110	4401	-1
1012	112	4402	-1
1012	115	4403	-1
1012	118	4369	-1
1012	121	4406	-1
1012	123	4369	1
1012	126	4408	1
1012	128	4407	-1
1012	130	4410	-1
1012	133	133	-1
1012	136	4424	-1
1012	138	4374	2
1012	141	4418	11
1012	143	4374	2
1012	146	4420	-1
1012	148	4420	-1
1012	150	4374	2
1012	155	4420	12
1012	157	4426	-1
1012	159	4369	1
1012	161	4369	2
1012	164	4418	11
1012	166	4369	1
1012	169	4432	-1
1012	171	4422	-1
1012	174	174	-1
1012	176	4434	-1
1012	178	4434	1
1012	179	179	-1
1012	186	4378	7
1012	189	4436	-1
1012	191	4434	14
1012	193	193	-1
1012	195	4437	-1
1012	197	4374	2
1012	201	201	13
1012	203	4433	13
1012	205	4440	15
1012	207	4374	2
1012	210	4433	13
1012	215	4441	-1
1012	217	4433	13
1012	222	4439	-1
1012	224	4374	2
1012	228	4440	15
1012	233	4443	16
1012	235	4440	16
1012	237	4369	1
1012	239	4369	2
1012	246	4369	-1
1012	248	4369	1
1012	252	252	13
1012	255	4440	15
1012	257	4433	1
1012	259	4439	-1
1012	261	4433	1
1012	263	4433	1
1012	264	264	-1
1012	266	4374	2
1012	270	4446	-1
1012	272	4451	-1
1012	274	4450	-1
1012	276	4452	-1
1012	278	4374	2
1012	281	4452	-1
1012	286	4453	-1
1012	288	4369	1
1012	290	4369	2
1012	297	4369	-1
1012	299	4374	2
1012	303	4374	2
1012	305	4374	2
1012	307	4369	1
1012	310	4434	14
1012	312	4374	2
1012	314	4423	-1
1012	317	4369	1
1012	320	4463	3
1012	323	4464	-1
1012	325	4465	-1
1012	330	4466	-1
1012	337	4467	6
1012	339	4374	8
1012	341	4467	5
1012	346	4374	8
1012	348	4369	1
1012	352	4463	3
1012	354	4374	2
1012	358	4464	-1
1012	360	4464	-1
1012	362	4463	3
1012	367	4472	-1
1013	2	2	-1
1013	4	6014	-1
1013	6	6014	-1
1013	10	6017	1
1013	11	6018	2
1013	16	6019	4
1013	20	6019	4
1013	26	6019	4
1013	32	32	-1
1013	37	37	-1
1013	38	6019	4
1013	40	6020	-1
1013	43	6014	6
1013	46	46	6
1013	49	49	-1
1013	50	6014	6
1013	53	6017	1
1013	56	6017	1
1013	59	6024	-1
1013	62	6021	8
1013	65	6025	-1
1013	67	6017	9
1013	70	6017	9
1013	76	6026	11
1013	78	6017	9
1013	82	6027	-1
1013	88	6021	-1
1013	91	6017	9
1013	94	6021	10
1013	96	6021	10
1013	100	6027	10
1013	101	6028	13
1013	1755	6027	10
1013	104	6017	9
1013	109	6031	-1
1013	110	6033	-1
1013	112	6021	8
1013	114	6034	-1
1013	118	6024	-1
1013	121	6017	9
1013	128	6017	9
1013	131	6035	-1
1013	133	6017	9
1013	136	6018	11
1013	137	6030	16
1013	141	6018	11
1013	143	6021	16
1013	145	6036	-1
1013	147	6021	8
1013	150	6036	8
1013	152	6021	16
1013	154	6018	11
1013	160	6037	-1
1013	163	6017	18
1013	168	6017	18
1013	172	172	-1
1013	176	176	-1
1013	180	6041	-1
1013	182	6018	-1
1013	186	186	-1
1013	189	6042	19
1013	192	6043	-1
1013	195	6044	20
1013	197	6018	11
1013	200	6044	20
1013	202	6044	20
1013	204	6045	-1
1013	205	6047	-1
1013	212	6048	21
1013	216	6018	11
1013	219	219	21
1013	223	223	-1
1013	227	6048	21
1013	229	6018	11
1013	232	6044	20
1013	233	6049	-1
1013	235	6044	20
1013	238	6057	22
1013	239	6018	23
1013	241	6018	-1
1013	244	6057	-1
1013	247	6050	-1
1013	249	6018	23
1013	252	6057	22
1013	255	6017	18
1013	257	6018	23
1013	260	6017	18
1013	262	6018	23
1013	264	6063	-1
1013	266	6018	23
1013	269	6017	18
1013	272	6064	19
1013	275	6065	24
1013	277	6065	24
1013	280	6017	18
1013	282	6018	23
1013	284	6017	18
1013	287	6067	-1
1013	289	6068	-1
1013	291	6050	25
1013	293	6069	26
1013	295	6018	23
1013	298	6070	-1
1013	300	6071	27
1013	302	6072	28
1013	305	305	-1
1013	306	306	-1
1013	309	6071	27
1013	311	6077	24
1013	314	6078	-1
1013	316	6079	30
1013	319	6080	-1
1013	320	6082	-1
1013	324	6018	31
1013	328	6085	-1
1013	331	6018	29
1013	333	6018	29
1013	336	6078	32
1013	338	6088	33
1013	343	6079	30
1013	347	6089	34
1013	348	6089	-1
1013	351	6078	32
1013	355	6019	-1
1013	359	6078	32
1013	361	6090	34
1013	362	6078	32
1013	365	6018	31
1013	367	6091	35
1013	369	6018	35
1013	371	6092	36
1013	373	6092	36
1013	375	6093	-1
1013	377	6078	32
1013	380	6091	-1
1013	383	6019	4
1013	386	6077	24
1013	389	6019	32
1013	395	6088	33
1013	397	6079	30
1013	400	6019	4
1013	404	6071	-1
1013	406	6019	4
1013	409	6071	-1
1013	412	6019	4
1013	414	6019	4
1013	418	418	4
1013	419	6078	-1
1013	421	6018	31
1013	426	6092	36
1013	436	6079	30
1013	446	6103	16
1013	449	6019	4
1013	452	452	-1
1013	454	6019	29
1013	455	6018	29
1013	458	6019	39
1013	459	6078	2
1013	462	6018	29
1013	465	6019	4
1013	467	6108	-1
1013	469	6019	29
1013	473	6078	40
1013	474	6078	40
1013	477	6111	-1
1013	479	6112	26
1013	480	6019	4
1013	487	6114	-1
1013	488	6114	-1
1013	489	6114	-1
1013	491	6111	41
1013	493	6111	-1
1013	496	6112	26
1013	500	6119	42
1013	501	6019	4
1013	504	6018	29
1013	507	6120	-1
1013	509	6121	42
1013	512	6019	4
1013	517	517	4
1013	519	6018	4
1013	521	6117	43
1013	524	6112	26
1013	525	6118	13
1013	527	6112	43
1013	529	529	44
1013	532	532	45
1013	534	6119	-1
1013	538	6019	29
1013	540	6119	44
1013	543	6019	45
1013	546	6019	45
1013	548	6115	-1
1013	550	6122	28
1013	555	555	45
1013	558	6112	26
1013	564	6114	-1
1013	566	6116	-1
1013	571	6079	-1
1013	573	6124	-1
1013	574	6125	-1
1013	581	6124	48
1013	584	6126	-1
1013	587	6127	-1
1013	592	6125	-1
1013	595	6130	-1
1013	598	598	3
1013	602	6130	3
1013	604	6019	4
1013	607	6131	-1
1013	613	6132	-1
1013	614	6019	4
1013	618	6131	-1
1013	621	6019	4
1013	623	6133	7
1013	625	6134	-1
1013	628	6019	-1
1013	630	6133	-1
1013	632	6135	-1
1013	635	6136	-1
1013	648	6137	-1
1013	653	6079	-1
1013	655	655	-1
1013	661	6138	12
1013	663	6138	-1
1013	665	6138	-1
1013	668	6019	4
1013	670	6019	4
1013	677	6138	12
1013	680	6138	41
1013	695	6017	15
1013	705	6035	14
1013	708	6017	15
1013	713	6018	23
1013	718	6018	23
1013	722	6017	15
1013	724	6139	17
1013	727	6146	-1
1013	730	6153	37
1013	734	6153	37
1013	736	6139	17
1013	741	6017	-1
1013	744	6152	-1
1013	745	6149	-1
1014	1	1	-1
1014	4	5848	-1
1014	8	5849	-1
1014	1889	1889	-1
1014	11	5848	1
1014	13	5850	-1
1014	15	5851	-1
1014	17	5852	-1
1014	18	5848	1
1014	22	5853	-1
1014	24	5854	-1
1014	26	5855	2
1014	28	5854	-1
1014	30	5855	2
1014	33	5858	-1
1014	35	5859	4
1014	39	5848	5
1014	43	5858	6
1014	45	45	-1
1014	47	5861	7
1014	51	5862	8
1014	53	53	-1
1014	56	5862	9
1014	58	5848	5
1014	68	5864	-1
1014	74	5855	2
1014	76	5865	-1
1014	82	5867	-1
1014	84	5867	-1
1014	87	5862	8
1014	90	5848	-1
1014	91	5849	-1
1014	94	5868	-1
1014	97	5869	-1
1014	99	5869	4
1014	101	5870	13
1014	107	5855	2
1014	110	5855	2
1014	112	5862	9
1014	114	114	-1
1014	118	5848	5
1014	121	5868	-1
1014	124	5862	9
1014	128	5849	9
1014	131	5849	5
1014	134	5849	5
1014	136	5849	5
1014	138	5876	15
1014	141	5877	16
1014	143	5876	15
1014	145	5849	5
1014	147	5876	15
1014	150	150	5
1014	152	5877	16
1014	155	5876	15
1014	159	159	-1
1014	161	5883	-1
1014	164	5876	15
1014	166	5880	-1
1014	168	168	-1
1014	170	5884	18
1014	172	5876	18
1014	173	173	-1
1014	175	5876	15
1014	178	5881	-1
1014	179	5882	-1
1014	181	5849	21
1014	184	5849	21
1014	190	5885	-1
1014	193	5881	-1
1014	194	5882	-1
1014	196	5849	21
1014	198	5885	24
1014	201	201	-1
1014	204	204	-1
1014	208	5885	24
1014	210	5876	15
1014	213	5890	25
1014	215	5885	23
1014	218	5891	-1
1014	221	5885	25
1014	226	5885	25
1014	228	5876	15
1014	230	5876	15
1014	233	5888	26
1014	235	5887	-1
1014	237	5855	-1
1014	242	5876	2
1014	246	5888	26
1014	1900	5855	2
1014	249	5855	2
1014	253	5885	23
1014	259	5885	23
1014	261	5876	15
1014	264	5888	26
1014	267	5855	2
1014	271	271	-1
1014	276	5876	2
1014	278	278	-1
1014	281	281	-1
1014	284	5855	2
1014	285	5876	15
1014	287	287	28
1014	290	5862	29
1014	291	5862	29
1014	294	5888	26
1014	296	5870	13
1014	298	5888	26
1014	300	5855	2
1014	302	5855	2
1014	304	5849	29
1014	307	5888	26
1014	309	5876	2
1014	313	5894	-1
1014	315	315	-1
1014	317	5888	26
1014	319	5888	26
1014	321	5895	31
1014	1890	1890	-1
1014	323	5849	29
1014	326	5876	15
1014	328	5879	-1
1014	330	5876	15
1014	331	5896	-1
1014	334	5876	15
1014	340	5876	15
1014	344	5882	-1
1014	345	5881	-1
1014	349	5881	-1
1014	350	5900	-1
1014	352	5876	15
1014	356	5876	15
1014	360	5884	18
1014	362	5898	-1
1014	364	5898	5
1014	366	5849	5
1014	372	5901	32
1014	374	5901	32
1014	376	5876	15
1014	378	5855	-1
1014	380	5876	15
1014	383	5890	25
1014	385	5890	-1
1014	386	5891	-1
1014	393	5885	-1
1014	394	5901	-1
1014	397	5855	2
1014	400	5906	-1
1014	405	5903	-1
1014	407	5892	-1
1014	409	5862	29
1014	411	5855	2
1014	412	5903	26
1014	1891	1891	-1
1014	414	5876	2
1014	416	5890	25
1014	418	5876	2
1014	422	5878	34
1014	424	5903	33
1014	426	5849	21
1014	428	5849	21
1014	433	5908	-1
1014	435	435	-1
1014	437	5903	33
1014	439	5903	30
1014	441	5909	31
1014	445	5869	-1
1014	447	5849	21
1014	455	5878	34
1014	461	5849	21
1014	463	5849	21
1014	465	5910	35
1014	471	471	-1
1014	473	5855	2
1014	479	479	-1
1014	486	5910	-1
1014	489	5855	2
1014	492	5911	36
1014	494	5848	5
1014	496	5849	5
1014	499	5855	2
1014	502	5855	2
1014	505	5912	-1
1014	507	5855	2
1014	517	5849	-1
1014	524	5855	2
1014	527	5855	2
1014	532	5849	37
1014	534	5862	29
1014	538	538	-1
1014	540	5855	2
1014	543	5849	37
1014	545	5890	25
1014	547	5876	15
1014	550	5849	37
1014	552	5859	4
1014	557	5922	-1
1014	561	5859	4
1014	563	563	37
1014	565	5855	-1
1014	567	5862	29
1014	573	5862	37
1014	580	580	38
1014	582	5859	4
1014	585	585	37
1014	588	5918	39
1014	590	5925	40
1014	594	5926	28
1014	597	5890	25
1014	599	5862	29
1014	605	5859	4
1014	607	5925	40
1014	609	5925	40
1014	611	5927	-1
1014	613	5927	40
1014	615	5870	13
1014	617	5876	15
1014	624	5910	35
1014	628	5878	-1
1014	629	629	-1
1014	631	5928	7
1014	634	5876	15
1014	636	5876	15
1014	639	5919	-1
1014	642	5876	15
1014	645	5921	3
1014	650	5849	37
1014	652	5876	15
1014	655	5849	37
1014	657	5926	-1
1014	661	5918	-1
1014	663	5918	4
1014	665	5921	3
1014	667	5918	4
1014	669	5911	-1
1014	672	5855	2
1014	676	5919	-1
1014	678	5855	2
1014	683	5848	5
1014	688	5855	2
1014	691	5911	10
1014	692	692	-1
1014	695	5910	11
1014	696	5849	37
1014	700	5926	-1
1014	703	5849	37
1014	704	5929	12
1014	707	5859	4
1014	711	5929	12
1014	716	5929	12
1014	718	5929	12
1014	721	5931	-1
1014	723	5855	2
1014	729	5929	12
1014	732	5911	10
1014	736	5855	2
1014	740	5855	2
1014	743	5932	-1
1014	744	5932	-1
1014	745	745	2
1014	749	5932	14
1014	751	751	-1
1014	754	754	-1
1014	758	5932	14
1014	761	761	-1
1014	766	5932	14
1014	767	5932	14
1014	770	5862	29
1014	773	5870	13
1014	775	5927	-1
1014	778	5862	29
1014	783	5849	17
1014	785	5927	17
1014	787	5932	14
1014	789	5932	14
1014	796	5935	-1
1014	799	5932	14
1014	802	5923	36
1014	804	5855	2
1014	807	5932	2
1014	810	5932	14
1014	813	5936	19
1014	815	5855	2
1014	818	5936	19
1014	821	5932	14
1014	824	5937	22
1014	826	5855	2
1014	829	5937	22
1014	831	5932	14
1014	834	5929	12
1014	836	5855	2
1014	839	5929	12
1014	841	5929	-1
1014	842	5855	2
1014	845	5849	37
1014	850	5890	25
1014	852	5862	29
1014	855	5939	-1
1014	858	5862	-1
1014	859	5862	8
1014	864	5941	-1
1014	867	5942	-1
1014	869	5937	-1
1014	871	5855	2
1014	878	5849	27
1014	880	5855	2
1014	886	5849	27
1014	888	5943	-1
1015	2	6139	-1
1015	3	3	-1
1015	6	6140	-1
1015	11	6141	-1
1015	15	6141	-1
1015	2081	6141	-1
1015	18	6140	2
1015	21	6141	4
1015	24	6142	-1
1015	26	6140	2
1015	29	6143	-1
1015	31	6141	4
1015	35	35	-1
1015	37	37	-1
1015	40	6144	-1
1015	44	6141	4
1015	46	6145	8
1015	48	6141	4
1015	50	6146	-1
1015	52	6140	2
1015	57	6141	4
1015	60	60	-1
1015	63	6141	4
1015	67	6140	2
1015	71	6140	2
1015	72	6141	4
1015	74	6140	2
1015	77	77	-1
1015	80	80	-1
1015	82	6140	2
1015	84	6152	-1
1015	88	6141	10
1015	94	6153	12
1015	96	6141	10
1015	100	6145	8
1015	101	6155	14
1015	102	6156	14
1015	107	6141	10
1015	110	6157	-1
1015	112	6149	15
1015	115	6141	10
1015	119	6153	12
1015	121	6141	10
1015	125	6158	-1
1015	128	6141	10
1015	130	6141	10
1015	131	6159	-1
1015	133	6159	-1
1015	137	6153	-1
1015	138	6162	-1
1015	143	143	-1
1015	145	6140	2
1015	147	6140	-1
1015	149	6163	18
1015	151	6164	-1
1015	155	6165	-1
1015	157	6166	2
1015	163	6168	-1
1015	165	6141	10
1015	167	6163	18
1015	171	171	-1
1015	173	173	-1
1015	176	6163	18
1015	178	6140	2
1015	181	6169	-1
1015	184	6170	-1
1015	185	6171	-1
1015	189	6172	-1
1015	191	6169	22
1015	198	6141	4
1015	203	6173	-1
1015	208	6141	22
1015	209	6140	2
1015	210	6140	2
1015	214	6174	-1
1015	216	6174	-1
1015	218	6175	-1
1015	219	6176	-1
1015	222	6140	2
1015	224	6171	27
1015	227	6140	2
1015	229	6178	28
1015	231	6171	27
1015	233	6140	2
1015	235	6179	-1
1015	237	6172	-1
1015	239	6180	29
1015	2118	6178	25
1015	2120	6179	26
1015	241	6140	-1
1015	243	6181	-1
1015	245	6140	2
1015	250	6186	-1
1015	253	6187	-1
1015	256	6167	-1
1015	260	6188	28
1015	261	261	-1
1015	264	6189	-1
1015	266	6190	-1
1015	286	6192	-1
1015	288	6193	-1
1015	290	6194	-1
1015	292	6195	-1
1015	294	6196	-1
1015	296	6197	-1
1015	298	6198	-1
1015	304	6193	-1
1015	305	6195	-1
1015	306	6197	35
1015	2131	6194	34
1015	310	6140	-1
1015	319	6190	-1
1015	322	6201	-1
1015	325	6202	-1
1015	327	6140	2
1015	330	6190	37
1015	332	6210	-1
1015	336	6190	37
1015	340	6211	-1
1015	341	6213	-1
1015	344	6214	39
1015	346	6215	-1
1015	347	6217	-1
1015	349	6218	-1
1015	354	6201	-1
1015	360	6219	-1
1015	361	6220	25
1015	362	6221	26
1015	367	6222	-1
1015	370	370	40
1015	371	6222	-1
1015	374	6223	41
1015	378	6223	41
1015	379	6224	42
1015	385	6225	-1
1015	387	387	-1
1015	389	6226	-1
1015	393	393	-1
1015	396	6224	42
1015	402	6230	-1
1015	404	6193	45
1015	408	6224	42
1015	409	409	-1
1015	412	6234	-1
1015	414	6235	-1
1015	416	6193	45
1015	420	6236	46
1015	422	6236	46
1015	424	6236	46
1015	426	426	-1
1015	428	6233	-1
1015	430	6193	45
1015	433	6237	-1
1015	439	6238	47
1015	442	442	-1
1015	444	6239	48
1015	447	6240	-1
1015	449	449	-1
1015	451	6241	50
1015	453	6241	51
1015	455	6241	52
1015	457	6243	53
1015	2135	6243	54
1015	460	6241	50
1015	464	6250	-1
1015	466	6250	-1
1015	475	6251	-1
1015	477	6250	34
1015	479	6241	50
1015	482	6193	50
1015	485	6193	50
1015	487	487	-1
1015	489	6193	50
1015	491	6238	47
1015	2133	6193	34
1015	493	6241	57
1015	496	6236	58
1015	499	6223	59
1015	501	6193	34
1015	504	6252	-1
1015	506	6251	55
1015	509	6259	-1
1015	511	6197	-1
1015	512	6193	34
1015	514	514	-1
1015	516	6195	-1
1015	520	6224	-1
1015	524	6261	-1
1015	527	6195	-1
1015	530	6262	1
1015	533	6263	3
1015	535	6263	1
1015	537	6263	1
1015	539	6255	-1
1015	541	6195	57
1015	544	6238	47
1015	548	548	-1
1015	550	6239	48
1015	553	6241	-1
1015	556	6241	-1
1015	558	6241	52
1015	560	6243	53
1015	566	6195	6
1015	568	6241	6
1015	570	6195	6
1015	572	572	-1
1015	2136	6243	54
1015	574	6241	6
1015	577	6263	58
1015	580	6223	59
1015	582	6195	-1
1015	585	6264	55
1015	587	6265	-1
1015	591	6238	47
1015	597	6268	-1
1015	604	604	-1
1015	605	6197	-1
1015	608	6224	-1
1015	610	6197	6
1015	614	6270	46
1015	616	6270	46
1015	618	6270	46
1015	621	621	-1
1015	2121	6268	26
1015	623	6197	6
1015	626	6238	47
1015	629	629	-1
1015	631	6239	48
1015	633	6197	6
1015	635	6241	6
1015	637	6241	51
1015	639	6241	52
1015	641	6243	53
1015	645	6271	16
1015	647	6272	55
1015	650	6273	-1
1015	653	6274	-1
1015	655	6275	19
1015	2137	6243	54
1015	658	6241	-1
1015	661	6273	-1
1015	663	6274	-1
1015	666	6271	-1
1015	668	6276	21
1015	673	6235	-1
1015	676	6197	-1
1015	679	6241	20
1015	681	6276	21
1015	683	6241	20
1015	685	6281	23
1015	687	6242	53
1015	689	6281	23
1015	691	6282	-1
1015	693	6197	20
1015	697	6224	-1
1015	709	709	13
1015	715	6197	20
1015	717	717	-1
1015	723	6276	21
1015	728	6241	-1
1015	731	6241	-1
1015	733	6241	52
1015	737	6283	-1
1015	739	6242	-1
1015	742	6281	23
1015	744	6284	-1
1015	748	6285	-1
1015	751	6285	-1
1015	755	6286	30
1015	757	6287	-1
1015	759	6197	-1
1015	763	6223	59
1015	765	6288	31
1015	767	6289	32
1015	773	6197	31
1015	776	6193	34
1015	777	6195	-1
1015	779	6197	31
1015	781	6286	30
1015	783	6197	31
1015	786	6197	31
1015	788	6291	-1
1015	790	6197	31
1015	792	6289	32
1015	794	6197	31
1015	797	6293	-1
1015	799	6294	-1
1015	804	6197	31
1015	806	6296	39
1015	808	6197	31
1015	810	6297	-1
1015	811	6299	-1
1015	813	6197	31
1015	814	6300	-1
1015	817	6301	-1
1015	819	6302	-1
1015	821	6197	-1
1015	825	6300	-1
1015	827	6301	-1
1015	829	6302	-1
1015	831	6197	31
1015	835	6303	-1
1015	836	6304	-1
1015	838	6294	24
1015	840	6294	24
1015	843	6197	-1
1015	845	6306	19
1015	847	6197	31
1015	849	6307	-1
1015	852	6305	36
1015	856	6313	-1
1015	857	6316	-1
1015	859	6294	24
1015	863	6305	31
1015	865	6313	-1
1015	868	6313	-1
1015	869	6316	-1
1015	871	6317	-1
1015	873	6318	-1
1015	876	6305	36
1015	879	6319	-1
1015	883	6320	-1
1015	885	6305	31
1015	888	6294	-1
1015	890	6321	-1
1015	892	6322	-1
1015	895	6323	-1
1015	898	898	29
1015	900	6294	24
1015	902	6197	35
1015	905	6197	31
1015	908	6324	-1
1015	911	911	-1
1015	913	6324	-1
1015	915	6197	31
1015	918	6326	-1
1015	920	6305	-1
1015	922	6327	-1
1015	924	6328	43
1015	2083	6325	-1
1015	926	6197	31
1015	930	6331	44
1015	933	6331	44
1015	935	6332	-1
1015	2119	6332	25
1015	937	6197	-1
1015	940	6333	-1
1015	945	6334	-1
1015	946	6334	-1
1015	947	6197	31
1015	950	6335	-1
1015	953	6335	44
1015	954	6336	-1
1015	956	6197	35
1015	959	6337	-1
1015	962	6336	-1
1015	964	6338	-1
1015	968	6336	24
1015	975	6139	-1
1015	978	6339	-1
1015	980	6340	-1
1015	982	6335	-1
1015	985	6341	49
1015	987	6336	24
1015	990	6341	49
1015	992	6341	49
1015	994	6342	-1
1015	997	6197	-1
1015	1006	6344	-1
1015	1012	6345	-1
1015	1014	6346	56
1015	1016	6346	10
1015	1019	1019	-1
1015	1024	6286	30
1015	1027	6193	34
1015	1028	6195	-1
1015	1031	6197	45
1015	1032	6141	-1
1015	1034	6149	15
1015	2084	6141	-1
1015	1040	6139	-1
1015	1043	6141	10
1015	1045	6349	56
1015	1047	6350	43
1015	1049	6351	-1
1015	1052	6293	5
1015	1053	6331	-1
1015	1054	6351	5
1015	2085	6351	-1
1015	1057	6140	2
1015	1062	1062	-1
1015	1064	6140	2
1015	1069	6197	35
1015	1070	6193	-1
1015	1072	6195	-1
1015	1075	6141	4
1015	1077	6352	-1
1015	1079	6197	35
1015	1080	6197	-1
1016	1	1174	-1
1016	6	6	1
1016	8	1588	-1
1016	10	1621	2
1016	13	1174	1
1016	19	1174	1
1016	21	1170	-1
1016	23	1621	2
1016	26	1174	1
1016	29	1185	-1
1016	31	1174	1
1016	37	37	-1
1016	38	1192	-1
1016	40	1592	-1
1016	48	1204	5
1016	50	1594	5
1016	52	1594	-1
1016	54	1204	4
1016	56	1204	-1
1016	58	1209	9
1016	61	1214	-1
1016	70	1218	-1
1016	72	1174	-1
1016	74	1224	-1
1016	76	1174	8
1016	79	1228	-1
1016	86	1231	-1
1016	88	1233	-1
1016	90	1174	8
1016	97	1174	-1
1016	99	1174	-1
1016	102	1239	18
1016	1493	1174	16
1016	106	1242	19
1016	107	1174	16
1016	111	1246	-1
1016	115	1250	-1
1016	119	1598	19
1016	125	1174	21
1016	128	1242	23
1016	129	1263	-1
1016	131	1174	21
1016	133	1263	23
1016	136	1592	-1
1016	140	1263	23
1016	143	1299	-1
1016	145	1301	-1
1016	147	1592	21
1016	152	1174	-1
1016	155	1242	19
1016	157	1174	21
1016	161	1599	-1
1016	163	1600	25
1016	166	1313	-1
1016	168	1592	26
1016	170	1201	5
1016	173	1174	27
1016	176	1327	-1
1016	178	1239	18
1016	180	1201	27
1016	183	1592	28
1016	187	1267	30
1016	190	1337	31
1016	192	1337	-1
1016	196	1201	5
1016	197	1242	-1
1016	201	1592	24
1016	204	1356	-1
1016	206	1201	5
1016	207	1201	24
1016	209	1592	4
1016	211	1206	4
1016	217	1267	30
1016	220	1337	31
1016	222	1592	28
1016	224	1368	-1
1016	226	1242	19
1016	231	231	-1
1016	234	1368	34
1016	1508	1368	33
1016	236	1592	26
1016	239	1382	-1
1016	240	1592	26
1016	243	1211	9
1016	246	1174	27
1016	1510	1382	35
1016	250	1211	26
1016	254	1337	31
1016	256	1174	26
1016	259	1211	-1
1016	1511	1402	35
1016	261	1404	34
1016	266	1402	35
1016	268	1407	-1
1016	271	1174	-1
1016	276	1599	-1
1016	278	1600	25
1016	280	1412	-1
1016	1509	1404	33
1016	282	1211	9
1016	284	1592	-1
1016	287	1211	9
1016	289	1592	26
1016	291	1424	7
1016	293	1592	26
1016	295	1424	7
1016	297	1439	-1
1016	299	1174	-1
1016	302	1242	19
1016	304	1174	-1
1016	306	1610	-1
1016	309	1242	-1
1016	311	1174	10
1016	314	1473	-1
1016	317	1611	-1
1016	319	1174	10
1016	321	1612	-1
1016	323	1460	11
1016	327	1460	12
1016	330	330	-1
1016	333	1482	13
1016	334	1482	13
1016	336	1616	14
1016	338	1487	-1
1016	340	1489	15
1016	342	342	-1
1016	353	1482	13
1016	358	1496	-1
1016	360	1498	-1
1016	365	1460	11
1016	368	1501	20
1016	371	1239	18
1016	373	1501	20
1016	377	1616	14
1016	378	1501	20
1016	389	389	-1
1016	396	1615	12
1016	400	1616	14
1016	402	402	-1
1016	404	1616	-1
1016	405	1616	22
1016	407	407	-1
1016	410	1619	-1
1016	413	1616	22
1016	425	1616	22
1016	427	1482	13
1016	429	1487	-1
1016	439	1616	14
1016	441	1489	15
1016	446	446	-1
1016	452	1544	-1
1016	456	1547	-1
1016	458	1174	-1
1016	461	1482	13
1016	464	1489	15
1016	466	1620	14
1016	469	1554	-1
1016	471	1501	20
1016	473	1174	32
1016	478	1560	-1
1016	480	1562	-1
1017	2	4125	-1
1017	3	4126	-1
1017	8	8	-1
1017	9	9	-1
1017	12	4127	-1
1017	17	4128	-1
1017	20	4129	3
1017	21	4131	4
1017	23	4127	5
1017	25	4127	-1
1017	27	4127	6
1017	30	4132	7
1017	32	4126	-1
1017	36	4132	-1
1017	39	4133	12
1017	42	4132	7
1017	45	4136	-1
1017	48	4132	7
1017	50	4132	7
1017	53	4137	13
1017	55	4137	13
1017	58	4127	7
1017	61	4138	-1
1017	63	4137	13
1017	65	4127	-1
1017	68	4133	12
1017	70	70	-1
1017	75	4126	11
1017	80	4132	7
1017	85	4139	17
1017	87	4139	-1
1017	89	4140	-1
1017	92	4132	7
1017	94	4132	7
1017	96	4139	-1
1017	99	4132	7
1017	102	4141	-1
1017	105	105	-1
1017	106	4132	7
1017	110	4142	-1
1017	112	4132	7
1017	114	4143	19
1017	121	4144	-1
1017	123	4143	19
1017	126	4132	19
1017	129	4132	19
1017	130	4132	-1
1017	134	134	-1
1017	137	4132	19
1017	140	4145	-1
1017	142	142	-1
1017	145	4132	19
1017	148	4146	-1
1017	150	4147	22
1017	152	4132	22
1017	2720	4148	20
1017	154	4132	7
1017	156	4148	-1
1017	158	4149	23
1017	164	4150	-1
1017	166	4150	-1
1017	168	4152	-1
1017	171	4143	19
1017	174	4154	-1
1017	177	4151	25
1017	178	4151	25
1017	184	4142	17
1017	2724	4151	25
1017	188	4151	25
1017	193	4132	7
1017	196	196	-1
1017	198	4151	25
1017	201	4132	7
1017	203	4132	-1
1017	206	4155	-1
1017	208	4156	-1
1017	2731	2731	26
1017	210	4132	7
1017	214	4155	27
1017	216	4155	27
1017	219	4157	-1
1017	220	4132	7
1017	222	222	-1
1017	224	4132	7
1017	227	4158	-1
1017	231	4127	-1
1017	234	4128	-1
1017	237	4129	3
1017	238	4131	4
1017	241	4159	30
1017	243	4127	7
1017	245	4132	7
1017	258	4164	-1
1017	262	4168	-1
1017	264	4168	-1
1017	266	4168	32
1017	268	4132	7
1017	270	4127	15
1017	273	4132	15
1017	276	4132	33
1017	279	4168	32
1017	281	4169	-1
1017	283	4132	33
1017	286	4170	-1
1017	287	4132	33
1017	289	4168	-1
1017	292	4127	15
1017	295	4132	15
1017	300	4171	-1
1017	302	4127	15
1017	308	4172	-1
1017	313	4173	-1
1017	318	4174	34
1017	320	4163	-1
1017	322	4127	15
1017	324	4175	-1
1017	329	4176	-1
1017	331	4176	-1
1017	2736	4175	35
1017	333	4132	7
1017	336	4176	32
1017	338	4176	32
1017	340	4177	-1
1017	346	4178	-1
1017	350	4179	-1
1017	354	4180	-1
1017	359	4163	-1
1017	361	4127	15
1017	363	4182	-1
1017	368	4183	-1
1017	370	4183	-1
1017	372	4183	-1
1017	374	4132	7
1017	380	4184	-1
1017	386	4127	15
1017	388	4185	34
1017	391	4186	-1
1017	395	4187	-1
1017	397	4197	-1
1017	401	4197	31
1017	403	4132	7
1017	409	4198	-1
1017	411	411	-1
1017	413	4199	-1
1017	415	4200	-1
1017	417	4132	7
1017	420	4191	-1
1017	423	4194	-1
1017	426	4195	-1
1017	428	4193	-1
1017	431	4202	-1
1017	432	4203	-1
1017	435	435	-1
1017	438	4197	-1
1017	442	4132	7
1017	446	446	-1
1017	448	448	-1
1017	451	4132	7
1017	454	4132	7
1017	458	4188	-1
1017	460	4132	7
1017	464	4197	-1
1017	468	4204	-1
1017	471	4205	-1
1017	473	4205	-1
1017	476	4208	-1
1017	478	4143	19
1017	482	4152	43
1017	486	4132	7
1017	489	4132	-1
1017	491	4155	-1
1017	495	4132	19
1017	498	4132	19
1017	499	4132	44
1017	502	502	-1
1017	505	4210	-1
1017	508	4132	7
1017	512	4209	43
1017	514	4132	7
1017	520	4132	44
1017	2721	2721	20
1017	523	4211	-1
1017	524	4212	46
1017	528	4132	46
1017	531	4213	-1
1017	533	4132	46
1017	535	4132	7
1017	538	4132	7
1017	540	4132	46
1017	544	4212	47
1017	547	4214	-1
1017	550	4216	-1
1017	552	4143	19
1017	554	4132	7
1017	558	4143	7
1017	561	4143	19
1017	563	4218	-1
1017	565	4217	-1
1017	569	4212	46
1017	572	4132	7
1017	575	4212	7
1017	578	4219	-1
1017	582	4132	7
1017	584	4132	7
1017	589	4145	-1
1017	591	4220	-1
1017	597	4132	-1
1017	599	4221	49
1017	601	4222	-1
1017	605	4222	51
1017	607	4223	52
1017	608	4223	-1
1017	612	4143	19
1017	614	4143	50
1017	615	4224	54
1017	618	4225	-1
1017	621	4226	-1
1017	623	4224	49
1017	2740	4226	48
1017	2743	4223	53
1017	626	4143	19
1017	629	4224	54
1017	631	4232	54
1017	633	4225	55
1017	638	4143	19
1017	641	4225	19
1017	642	4151	25
1017	644	4143	19
1017	647	4222	56
1017	650	4233	-1
1017	652	4234	-1
1017	655	4236	-1
1017	656	4237	-1
1017	660	660	-1
1017	665	4238	57
1017	668	4151	25
1017	670	4231	-1
1017	674	4143	19
1017	679	679	25
1017	681	4227	58
1017	682	4225	55
1017	685	4142	59
1017	688	4240	19
1017	689	4143	19
1017	692	692	25
1017	694	694	-1
1017	697	4241	60
1017	701	4239	-1
1017	704	4242	-1
1017	706	4242	61
1017	708	4151	25
1017	710	4227	58
1017	712	4241	60
1017	714	4151	25
1017	717	4243	62
1017	719	4241	-1
1017	722	4241	60
1017	725	4244	-1
1017	728	4132	7
1017	732	4151	25
1017	737	4225	55
1017	739	4132	7
1017	742	4132	7
1017	745	4227	58
1017	747	4132	7
1017	751	4243	62
1017	754	4151	-1
1017	756	4132	7
1017	760	4245	63
1017	762	4246	47
1017	764	4246	-1
1017	767	4231	35
1017	769	4248	-1
1017	773	4231	7
1017	776	4249	-1
1017	778	4249	-1
1017	2741	4249	48
1017	780	4242	-1
1017	783	4250	64
1017	785	4231	35
1017	789	4243	62
1017	791	4151	25
1017	794	4231	-1
1017	798	798	25
1017	800	4132	7
1017	802	4132	7
1017	805	4245	63
1017	808	4251	-1
1017	814	4252	-1
1017	816	4231	35
1017	2742	4252	48
1017	818	4241	60
1017	820	4142	-1
1017	823	4143	19
1017	824	4143	19
1017	2726	4151	25
1017	828	4253	49
1017	830	4222	-1
1017	834	4222	51
1017	836	4223	52
1017	837	4223	-1
1017	841	4248	13
1017	844	4254	-1
1017	846	4225	55
1017	849	4255	-1
1017	851	4254	49
1017	854	4143	-1
1017	858	4151	25
1017	860	4227	-1
1017	866	4256	69
1017	870	4143	68
1017	875	4151	25
1017	876	4225	55
1017	879	4225	-1
1017	2744	4223	53
1017	2748	4142	59
1017	2755	4255	66
1017	881	4143	68
1017	884	884	-1
1017	887	4143	68
1017	892	4151	25
1017	894	4222	56
1017	897	4143	68
1017	899	4257	-1
1017	901	4258	70
1017	905	4260	6
1017	911	4151	71
1017	913	4256	35
1017	915	4263	34
1017	916	916	34
1017	919	4256	-1
1017	921	4264	-1
1017	2756	4264	66
1017	924	4265	-1
1017	926	4265	70
1017	928	4151	25
1017	933	4132	7
1017	937	4151	71
1017	940	940	-1
1017	942	4266	-1
1017	945	4151	71
1017	948	4132	7
1017	953	4132	7
1017	954	4132	-1
1017	955	4132	7
1017	958	4227	58
1017	960	4132	7
1017	964	4151	-1
1017	966	4243	62
1017	968	4151	71
1017	973	4132	7
1017	978	4132	7
1017	980	4132	7
1017	983	4256	69
1017	986	4267	-1
1017	988	4267	-1
1017	2757	4267	66
1017	990	990	-1
1017	991	4263	34
1017	993	4241	60
1017	994	4261	61
1017	997	4265	61
1017	999	4250	64
1017	1002	4256	35
1017	1004	4243	62
1017	1006	4151	25
1017	1008	4132	7
1017	1012	4256	35
1017	1013	4132	7
1017	1017	1017	-1
1017	1019	4132	7
1017	1023	4269	-1
1017	1026	4256	35
1017	1027	4271	35
1017	1028	4272	-1
1017	1029	4264	-1
1017	1031	4264	61
1017	1033	4248	13
1017	1037	4273	-1
1017	2758	4264	66
1017	1040	4241	60
1017	1041	4265	61
1017	1045	4250	64
1017	1048	4142	-1
1017	1052	4143	-1
1017	1055	4196	-1
1017	1059	4265	61
1017	1062	4151	25
1017	1064	1064	-1
1017	1068	4241	-1
1017	1070	4151	71
1017	1072	1072	-1
1017	1075	4151	71
1017	1083	1083	-1
1017	1086	4241	-1
1017	1091	4151	71
1017	1094	4241	60
1017	1102	4151	71
1017	1104	4151	25
1017	1107	4241	60
1017	1110	4222	10
1017	1111	4222	51
1017	1114	4223	-1
1017	1117	4248	13
1017	1119	4276	54
1017	1121	4277	-1
1017	1125	4277	-1
1017	1128	4151	-1
1017	1132	4227	-1
1017	1135	4278	9
1017	1142	4279	16
1017	1146	4143	10
1017	1149	4151	14
1017	1151	4276	-1
1017	1152	4142	59
1017	2707	4277	8
1017	2722	4275	20
1017	2745	4223	53
1017	1154	4143	68
1017	1157	1157	-1
1017	1160	4143	68
1017	1167	4280	-1
1017	1172	4151	71
1017	1174	4279	16
1017	1176	4241	-1
1017	1179	4241	-1
1017	1183	4282	-1
1017	1186	4282	61
1017	1187	4151	25
1017	1190	4132	7
1017	1195	1195	18
1017	1197	4132	7
1017	1200	4227	58
1017	1202	4151	25
1017	1206	4132	7
1017	1208	4151	25
1017	1215	4132	7
1017	1220	4132	7
1017	1224	4283	-1
1017	1227	4283	-1
1017	1228	4126	21
1017	1229	4286	21
1017	1231	4132	7
1017	1234	4279	16
1017	1238	4279	7
1017	1240	4287	-1
1017	1242	4287	-1
1017	2708	4287	8
1017	1245	4241	60
1017	1247	4282	61
1017	1252	4250	64
1017	1254	4288	61
1017	1256	4151	25
1017	1262	4132	7
1017	1265	4132	7
1017	2703	4132	7
1017	1267	4279	35
1017	1270	4289	-1
1017	1272	4151	25
1017	1276	4132	7
1017	1279	4279	35
1017	1288	4132	7
1017	1290	4132	7
1017	1293	4151	25
1017	1295	4290	28
1017	1298	4290	28
1017	1299	4151	25
1017	1301	4290	29
1017	1303	4132	7
1017	1307	4292	-1
1017	1309	4279	35
1017	1311	4279	35
1017	1317	4293	-1
1017	1319	4294	-1
1017	2732	2732	26
1017	1324	1324	-1
1017	1326	4295	30
1017	1329	4127	-1
1017	1334	4128	-1
1017	1337	4129	3
1017	1338	4131	4
1017	1340	4127	1
1017	1342	4279	35
1017	1347	4296	-1
1017	1349	4296	-1
1017	1351	4248	13
1017	1353	4241	60
1017	1359	4250	64
1017	1361	4142	-1
1017	1363	4142	59
1017	1369	4143	-1
1017	1373	4297	-1
1017	1375	4151	25
1017	1378	4222	-1
1017	1382	4222	51
1017	1384	4223	52
1017	1385	4223	-1
1017	1387	4299	54
1017	2746	4223	53
1017	1389	4225	55
1017	1391	4225	-1
1017	1394	4241	60
1017	1401	4225	55
1017	1403	1403	-1
1017	1405	4300	-1
1017	1408	4241	60
1017	1410	4241	60
1017	1413	4302	36
1017	1415	4303	37
1017	1418	1418	-1
1017	1421	4132	7
1017	1426	4304	-1
1017	1432	4302	36
1017	2733	2733	26
1017	1434	4303	37
1017	1440	4305	36
1017	1443	4303	37
1017	1446	4132	7
1017	1449	4241	60
1017	1451	4241	7
1017	1456	4241	7
1017	1458	1458	-1
1017	2738	2738	39
1017	1460	4308	36
1017	1462	4303	37
1017	1465	4225	55
1017	2734	2734	26
1017	1467	4225	55
1017	1472	4310	-1
1017	1475	4311	-1
1017	1476	4312	-1
1017	1481	4241	-1
1017	1484	4310	38
1017	1487	4241	60
1017	1492	4313	-1
1017	1495	4314	-1
1017	1497	4315	-1
1017	1500	4316	-1
1017	1502	4302	36
1017	1509	4132	7
1017	1511	4132	41
1017	1516	4132	41
1017	1519	1519	-1
1017	2705	4132	7
1017	1522	4316	41
1017	1525	1525	20
1017	1528	1528	-1
1017	1531	1531	42
1017	1532	4317	-1
1017	1535	4316	41
1017	1537	4316	41
1017	1539	4241	40
1017	1544	4318	34
1017	1549	4225	55
1017	1550	4225	55
1017	1552	4225	55
1017	1555	4316	55
1017	1557	4316	55
1017	1559	4316	55
1017	1561	4303	-1
1017	1563	4142	-1
1017	1566	4319	-1
1017	1567	4241	60
1017	1569	4241	55
1017	1573	4143	-1
1017	1575	4321	-1
1017	1581	4241	55
1017	1585	4297	-1
1017	1588	4143	68
1017	1590	4322	9
1017	1594	4297	-1
1017	1597	4241	60
1017	1598	4323	-1
1017	1604	4241	60
1017	1607	4241	60
1017	2735	2735	26
1017	1610	4151	71
1017	1613	4143	19
1017	1616	4143	45
1017	1617	4324	-1
1017	1619	4151	71
1017	1625	4324	-1
1017	1627	4324	-1
1017	2754	4324	61
1017	1629	4151	25
1017	1632	4324	61
1017	1633	1633	-1
1017	1637	4151	25
1017	1640	4132	7
1017	1641	4151	25
1017	1645	4291	29
1017	1647	4325	-1
1017	1650	4151	25
1017	1655	4151	25
1017	1657	4132	7
1017	1659	4290	28
1017	1661	4151	25
1017	1664	4132	7
1017	1666	4326	24
1017	1668	4132	7
1017	1670	4143	19
1017	1672	4241	60
1017	1675	4328	-1
1017	1679	4241	60
1017	1681	4132	7
1017	1683	4151	25
1017	1690	4330	-1
1017	2730	4151	25
1018	3	1306	-1
1018	5	1308	-1
1018	7	1310	-1
1018	12	1312	4
1018	13	1314	-1
1018	1443	1306	1
1018	15	1316	-1
1018	16	1308	5
1018	18	1312	4
1018	21	1342	6
1018	23	1312	7
1018	26	1337	8
1018	28	1339	9
1018	30	1342	5
1018	33	1339	9
1018	35	1339	7
1018	37	1354	10
1018	39	1356	-1
1018	41	1310	11
1018	44	1323	-1
1018	46	1323	6
1018	49	1314	-1
1018	51	1314	12
1018	55	1363	-1
1018	58	1354	8
1018	60	1339	9
1018	64	1356	13
1018	68	68	12
1018	70	1314	12
1018	72	1371	-1
1018	74	1312	7
1018	79	1392	-1
1018	83	1394	-1
1018	84	1312	7
1018	88	1314	12
1018	90	1312	7
1018	97	1314	15
1018	99	1312	7
1018	103	1312	7
1018	105	1406	16
1018	108	1408	17
1018	110	1312	7
1018	112	1312	7
1018	116	1312	7
1018	118	1425	18
1018	121	1427	-1
1018	123	1312	7
1018	125	1425	18
1018	127	1312	7
1018	129	1312	7
1018	133	1312	7
1018	135	1445	19
1018	138	1447	20
1018	140	1312	7
1018	142	1445	19
1018	144	1312	7
1018	146	1312	7
1018	150	1312	7
1018	153	1342	-1
1018	155	1465	-1
1018	157	1312	7
1018	163	1480	-1
1018	165	1342	6
1018	167	167	7
1018	169	1483	21
1018	171	1310	11
1018	176	1312	4
1018	177	1314	-1
1018	179	1379	-1
1018	181	1310	11
1018	184	1490	-1
1018	187	1492	22
1018	191	1494	-1
1018	1444	1444	1
1018	197	1494	-1
1018	200	1310	11
1018	203	1498	10
1018	205	1500	-1
1018	207	1502	-1
1018	210	1504	-1
1018	213	1310	11
1018	219	1379	-1
1018	220	1310	11
1018	222	1494	23
1018	224	1310	11
1018	226	226	-1
1018	229	1500	-1
1018	231	1504	-1
1018	233	1504	-1
1018	235	1310	11
1018	238	1500	23
1018	240	1515	26
1018	244	1500	25
1018	247	1515	26
1018	251	1519	24
1018	252	1515	24
1018	254	1515	26
1018	258	1523	-1
1018	260	1525	-1
1018	262	1515	26
1018	265	265	-1
1018	267	1547	-1
1018	269	1515	24
1018	273	1553	-1
1018	276	1553	-1
1018	279	1556	2
1018	282	1553	-1
1018	284	1515	-1
1018	285	1556	2
1018	287	1515	24
1018	291	1556	3
1018	294	1563	10
1018	296	1515	-1
1018	300	1515	-1
1018	302	1406	16
1018	305	1408	17
1018	307	1515	-1
1018	310	1420	17
1018	312	1406	-1
1018	314	1515	-1
1018	318	1515	-1
1018	320	1425	18
1018	323	1427	-1
1018	325	1515	-1
1018	328	1438	17
1018	330	1425	-1
1018	332	1515	-1
1018	336	1515	-1
1018	338	1445	19
1018	341	1447	20
1018	343	1515	-1
1018	346	1457	17
1018	348	1445	-1
1018	350	1515	-1
1018	355	1515	-1
1018	358	1465	-1
1018	360	1465	-1
1018	362	1622	22
1018	364	1342	-1
1018	366	1515	-1
1018	369	1477	-1
1018	370	370	-1
1018	373	1342	6
1018	375	1653	14
1018	377	1653	6
1018	380	1664	-1
1018	382	1515	24
1018	384	1653	14
1018	386	1653	6
1018	389	1669	-1
1018	392	1515	24
1018	394	1342	6
1018	396	1556	2
1018	399	1342	-1
1018	402	402	-1
1018	404	1675	-1
1018	405	1515	24
1018	408	1342	-1
1018	409	1679	-1
1018	411	1342	6
1018	414	1515	-1
1018	417	1342	6
1018	419	1684	-1
1018	421	1684	-1
1018	423	1312	7
1018	425	1483	21
1018	427	1314	15
1018	429	1690	7
1018	431	1379	-1
1018	434	1308	5
1018	435	1310	11
1019	2	2656	-1
1019	4	2657	-1
1019	5	5	-1
1019	8	2659	-1
1019	13	2659	-1
1019	16	16	-1
1019	18	2660	2
1019	22	2659	-1
1019	27	2661	-1
1019	29	2662	4
1019	30	2659	-1
1019	32	32	5
1019	34	2661	-1
1019	39	2659	-1
1019	41	2660	7
1019	44	2660	7
1019	46	46	5
1019	48	2664	-1
1019	49	2659	-1
1019	54	2665	-1
1019	56	2662	4
1019	58	2662	-1
1019	62	2662	-1
1019	64	2659	-1
1019	72	2669	-1
1019	74	2660	1
1019	77	2670	-1
1019	82	2659	-1
1019	86	2671	-1
1019	87	2659	-1
1019	89	2672	-1
1019	92	92	-1
1019	93	2672	-1
1019	98	2672	8
1019	101	2659	-1
1019	103	2672	9
1019	105	2659	-1
1019	107	2673	-1
1019	1730	1730	9
1019	109	2659	-1
1019	112	2672	8
1019	114	2676	10
1019	116	2670	-1
1019	119	2660	1
1019	125	2659	-1
1019	127	2677	12
1019	129	2659	-1
1019	131	2676	10
1019	134	2659	-1
1019	137	2678	-1
1019	140	2679	-1
1019	142	2660	1
1019	145	2659	-1
1019	150	150	-1
1019	153	2660	1
1019	156	2674	14
1019	159	2672	-1
1019	162	2659	-1
1019	166	2672	-1
1019	168	2660	1
1019	171	2672	14
1019	173	2681	-1
1019	179	2682	-1
1019	181	2682	-1
1019	182	2660	1
1019	185	2683	15
1019	189	2684	-1
1019	191	2684	-1
1019	193	2660	1
1019	195	195	-1
1019	197	2685	16
1019	199	2685	16
1019	204	204	-1
1019	207	2685	17
1019	208	2659	17
1019	211	2685	16
1019	215	2686	18
1019	218	2686	-1
1019	219	2685	16
1019	222	222	15
1019	225	2687	-1
1019	226	2685	16
1019	229	2688	-1
1019	233	2689	-1
1019	235	2690	18
1019	240	2685	16
1019	242	2691	20
1019	243	2691	20
1019	245	245	-1
1019	248	2691	20
1019	250	250	-1
1019	252	2692	-1
1019	254	254	19
1019	257	2691	19
1019	262	2685	16
1019	264	264	-1
1019	266	266	21
1019	267	267	21
1019	271	2685	16
1019	273	273	-1
1019	275	275	22
1019	276	276	22
1019	280	2685	16
1019	282	282	-1
1019	284	284	-1
1019	285	285	-1
1019	287	2695	-1
1019	292	2696	16
1019	296	2697	23
1019	298	298	-1
1019	301	2699	-1
1019	304	2700	-1
1019	307	2685	16
1019	313	313	-1
1019	316	2708	24
1019	318	2685	16
1019	320	2709	-1
1019	322	2710	-1
1019	324	2706	25
1019	327	2711	-1
1019	328	2685	16
1019	333	2705	-1
1019	335	2708	-1
1019	338	2713	27
1019	339	2705	-1
1019	342	2705	-1
1019	1742	2713	26
1019	347	2714	-1
1019	349	2659	-1
1019	350	2685	17
1019	352	2715	28
1019	354	2715	28
1019	356	2716	29
1019	362	2705	-1
1019	364	2715	28
1019	366	2659	-1
1019	372	2705	30
1019	377	2717	-1
1019	379	2715	-1
1019	381	2685	-1
1019	384	2722	31
1019	389	2723	-1
1019	392	2708	24
1019	396	2685	-1
1019	398	2705	30
1019	399	2685	-1
1019	403	2724	-1
1019	405	2685	-1
1019	408	2726	32
1019	410	2705	30
1019	414	2685	-1
1019	415	2716	29
1019	419	2708	24
1019	422	2705	-1
1019	427	2715	-1
1019	433	2685	-1
1019	435	2685	-1
1019	438	2716	29
1019	442	2685	-1
1019	444	2716	-1
1019	450	2685	-1
1019	452	2726	32
1019	455	2685	-1
1019	459	2727	-1
1019	461	2726	32
1019	465	2716	-1
1019	468	2685	17
1019	472	472	-1
1019	473	473	-1
1019	474	474	26
1019	476	2716	29
1019	478	2728	-1
1019	481	2716	-1
1019	483	2716	-1
1019	485	2729	-1
1019	489	2716	-1
1019	491	2685	17
1019	494	2716	17
1019	496	2685	-1
1019	499	2722	31
1019	501	2716	-1
1019	503	2716	-1
1019	504	504	-1
1019	508	2685	-1
1019	511	2716	-1
1019	514	2716	29
1019	517	2730	-1
1019	518	2730	25
1019	520	2685	17
1019	523	2716	17
1019	524	2670	-1
1019	526	2716	17
1019	529	2732	-1
1019	532	2733	-1
1019	534	2677	12
1019	537	2670	-1
1019	539	2685	-1
1019	544	2716	17
1019	545	2670	-1
1019	547	2659	-1
1019	551	2677	12
1019	554	2734	-1
1019	558	558	-1
1019	560	2685	17
1019	563	2716	29
1019	565	2716	17
1019	567	2736	-1
1019	573	2716	17
1019	576	2735	-1
1019	579	2737	27
1019	580	2685	17
1019	583	2738	3
1019	1743	2737	26
1019	585	2739	-1
1019	588	588	-1
1019	594	2738	-1
1019	597	2737	27
1019	598	2685	17
1019	601	2738	3
1019	1744	2737	26
1019	603	2739	-1
1019	608	608	-1
1019	610	2685	17
1019	612	2660	-1
1019	615	2742	-1
1019	617	2742	-1
1019	620	2685	17
1019	623	2742	6
1019	625	2743	-1
1019	627	2685	17
1019	630	2685	17
1019	633	2685	17
1019	636	2747	-1
1019	638	2685	17
1019	643	2748	-1
1019	648	2749	-1
1019	649	2750	-1
1019	653	2751	-1
1019	654	2753	-1
1019	657	2754	-1
1019	660	2755	-1
1019	662	2756	-1
1019	1745	2754	27
1019	664	2685	17
1019	668	2757	-1
1019	670	2758	-1
1019	672	2685	17
1019	675	2759	-1
1019	677	2760	-1
1019	680	2759	-1
1019	682	2761	11
1019	683	2761	11
1019	687	2761	-1
1019	690	2761	-1
1019	693	2685	17
1019	695	2761	17
1019	703	2766	-1
1019	705	2767	-1
1019	707	2768	-1
1019	714	2769	-1
1020	1	1	-1
1020	4	3738	-1
1020	7	2766	-1
1020	9	3738	-1
1020	12	2770	-1
1020	14	3739	-1
1020	17	3740	1
1020	19	3738	-1
1020	23	2776	-1
1020	25	2778	-1
1020	27	3738	-1
1020	30	2781	-1
1020	33	3738	-1
1020	37	2784	-1
1020	40	2786	-1
1020	45	2790	-1
1020	47	3738	-1
1020	50	2854	2
1020	52	2856	-1
1020	54	3748	-1
1020	56	2854	2
1020	59	2861	3
1020	60	2861	-1
1020	1718	3738	-1
1020	63	2863	4
1020	69	3738	-1
1020	71	2863	4
1020	74	2870	-1
1020	76	3738	-1
1020	79	2799	6
1020	82	2799	6
1020	84	2940	8
1020	86	3752	-1
1020	88	3738	-1
1020	92	2950	-1
1020	93	2952	-1
1020	95	2861	3
1020	98	2955	-1
1020	101	2957	-1
1020	103	2946	8
1020	105	3738	-1
1020	109	2961	10
1020	111	3738	-1
1020	114	3760	-1
1020	116	2961	10
1020	118	3738	-1
1020	121	3761	12
1020	123	2920	-1
1020	125	3755	-1
1020	127	2970	-1
1020	130	3738	-1
1020	133	2912	-1
1020	134	2912	-1
1020	135	2916	-1
1020	137	2978	-1
1020	141	3738	-1
1020	146	3752	-1
1020	147	3738	-1
1020	150	150	-1
1020	153	2984	-1
1020	155	3744	-1
1020	157	3744	-1
1020	159	3744	-1
1020	162	162	-1
1020	164	2861	3
1020	166	2961	-1
1020	168	3744	-1
1020	172	172	-1
1020	175	3738	-1
1020	178	3744	-1
1020	179	3023	14
1020	181	3744	15
1020	185	3023	14
1020	189	3028	-1
1020	191	3023	14
1020	193	193	-1
1020	195	3744	15
1020	201	3023	14
1020	205	3744	15
1020	209	3023	-1
1020	210	3738	-1
1020	213	3036	16
1020	221	3092	18
1020	223	3744	15
1020	225	3095	-1
1020	227	3738	-1
1020	1731	3095	19
1020	232	3738	-1
1020	236	3116	-1
1020	238	3118	-1
1020	242	3121	-1
1020	246	3106	18
1020	248	3121	-1
1020	1732	3116	19
1020	250	3744	15
1020	252	3738	-1
1020	256	3738	15
1020	259	3744	15
1020	261	3738	-1
1020	263	3744	21
1020	265	2935	-1
1020	267	3738	-1
1020	270	3780	22
1020	272	3744	15
1020	274	3129	-1
1020	276	3744	-1
1020	281	3194	-1
1020	283	3761	12
1020	285	3738	-1
1020	288	3780	22
1020	290	3744	15
1020	294	3744	-1
1020	297	297	-1
1020	300	3210	-1
1020	302	3212	23
1020	303	2935	23
1020	305	3744	21
1020	307	3216	-1
1020	309	3744	-1
1020	312	3219	-1
1020	315	3222	-1
1020	317	3744	15
1020	322	3231	-1
1020	324	3744	15
1020	326	3245	-1
1020	327	3247	24
1020	329	3249	-1
1020	331	2861	3
1020	333	3262	-1
1020	338	2801	-1
1020	340	3783	-1
1020	343	3249	21
1020	344	3738	-1
1020	347	3256	16
1020	351	3258	-1
1020	353	3260	-1
1020	354	3262	26
1020	357	3264	-1
1020	359	3738	-1
1020	1734	3260	25
1020	1735	3262	25
1020	361	3262	26
1020	363	3268	-1
1020	365	3784	-1
1020	367	3247	24
1020	370	2861	3
1020	376	3738	-1
1020	379	3786	-1
1020	380	380	-1
1020	386	3768	20
1020	388	3738	-1
1020	391	3247	-1
1020	393	3247	-1
1020	395	2935	27
1020	399	3247	-1
1020	401	3092	28
1020	407	3738	-1
1020	409	3780	-1
1020	411	2935	27
1020	414	3247	-1
1020	416	3296	-1
1020	421	3247	24
1020	423	3738	-1
1020	426	3757	-1
1020	431	3247	24
1020	433	3738	-1
1020	435	3757	-1
1020	438	3738	-1
1020	440	2931	-1
1020	442	3247	24
1020	446	3313	-1
1020	448	3315	-1
1020	451	3738	-1
1020	453	3247	-1
1020	456	3321	-1
1020	458	3738	24
1020	460	3324	-1
1020	465	3247	24
1020	466	3247	24
1020	469	3329	-1
1020	471	3007	26
1020	474	3793	-1
1020	479	3793	-1
1020	480	2861	3
1020	1725	3738	-1
1020	484	3007	26
1020	485	3007	26
1020	490	3738	-1
1020	492	3751	-1
1020	494	3007	26
1020	500	3738	-1
1020	501	3368	29
1020	503	3007	-1
1020	505	3007	26
1020	508	3738	-1
1020	510	3401	29
1020	512	3007	26
1020	516	3247	-1
1020	519	3799	-1
1020	522	3738	-1
1020	524	3801	-1
1020	526	3401	30
1020	527	3738	-1
1020	530	3738	-1
1020	532	3401	30
1020	534	3448	-1
1020	537	2799	6
1020	539	2799	6
1020	541	3802	-1
1020	543	3452	-1
1020	545	3738	-1
1020	548	3401	30
1020	550	3464	-1
1020	552	3401	30
1020	554	3467	-1
1020	557	3401	30
1020	559	559	30
1020	562	3007	26
1020	564	564	-1
1020	568	3007	26
1020	570	3738	-1
1020	572	3007	26
1020	574	2799	6
1020	577	3505	-1
1020	582	3738	-1
1020	587	587	-1
1020	589	3741	-1
1020	591	3738	6
1020	593	3738	6
1020	597	3513	-1
1020	600	2799	6
1020	602	602	-1
1020	604	3530	-1
1020	607	2799	6
1020	609	2799	6
1020	611	3738	6
1020	613	3545	5
1020	614	3547	-1
1020	616	3549	-1
1020	618	3809	-1
1020	620	3738	-1
1020	623	3740	1
1020	626	3738	-1
1020	630	3559	9
1020	632	3561	-1
1020	634	3563	-1
1020	640	3567	-1
1020	642	3814	7
1020	644	3401	9
1020	647	3007	-1
1020	650	3631	-1
1020	651	3633	-1
1020	653	3007	11
1020	656	3636	-1
1020	658	3638	-1
1020	661	3559	9
1020	662	3007	11
1020	664	3738	-1
1020	666	3582	-1
1020	668	3007	26
1020	676	3007	26
1020	678	3738	-1
1020	679	3007	26
1020	681	3007	26
1020	683	3652	-1
1020	685	3654	-1
1020	687	3652	-1
1020	688	3007	26
1020	690	3738	-1
1020	695	3603	13
1020	697	3814	-1
1020	701	3661	-1
1020	703	3563	-1
1020	705	3738	-1
1020	708	3807	-1
1020	714	3816	-1
